latitude,longitude,stake_weight,uuid,GDI,country
-43.5333,172.6333,3,5e7c5636-8e9b-4c95-96f7-d42f48680685,8322689.090313795,New Zealand
-43.3044,172.5836,1,68485f5d-ab93-4231-a68e-b90f5af9c418,8316408.505785087,New Zealand
-42.8794,147.3294,1,d68b0c9f-b397-48df-81f6-a558920b0f15,8039560.822032659,Australia
-41.4388,147.1347,1,6724e6d6-0852-4cd9-badb-e65bd4037617,7924326.407948051,Australia
-41.2866,174.7756,4,ad653814-ddc7-456d-821c-4212bef521ef,8120693.049676603,New Zealand
-38.1994,145.4908,1,87681097-00d2-498e-96bc-60e5a80d7701,8213936.436367874,Australia
-37.814,144.9633,32,bd6f6af3-dc41-40fc-8fdf-a4a2612534c2,8695791.51670743,Australia
-36.8485,174.7635,17,b4a19692-8687-4cf4-a66f-dcda97a2e9ec,7974701.779958706,New Zealand
-36.3805,145.3987,1,e3308565-def6-46bb-8cf0-e7d7b4a493ba,8486814.375837069,Australia
-34.9287,138.5986,5,104bc79a-7b3c-44ef-970e-5a40b2ee409b,7562297.912892596,Australia
-34.9215,-57.9545,6,84439d55-63eb-4561-a3ae-8c3fbb715765,6279043.030228026,Argentina
-34.9033,-56.1882,14,546c6b1a-caf7-417f-be97-e7bf8bb8915d,6265506.942615619,Uruguay
-34.6131,-58.3772,14,59aa025b-9ee1-44bb-8d94-e2bc57bde76d,6261670.045062007,Argentina
-34.4775,150.4204,1,0a1e4a48-c17a-496b-b33d-03e8187252e1,8023460.655868346,Australia
-33.9258,18.4232,2,c6554062-6617-48dd-b952-b1e4d8f2899b,5610236.64108251,South Africa
-33.9092,151.194,57,4df7a4dc-4806-4e27-a0b9-258aafba8145,8173906.658541861,Australia
-33.7338,18.9752,2,b7665af9-bee2-47ef-958e-1b5c8dbc86ca,5630106.355166177,South Africa
-33.4569,-70.6483,5,983445e3-278a-41cc-8796-1b595a9b414f,6171336.830446146,Chile
-32.9468,-60.6393,1,21e800a6-3e79-4885-ba00-ad3941853817,6146373.299646387,Argentina
-31.9522,115.8614,11,247ed300-253e-4678-b896-a8922a5c9174,6538241.793151175,Australia
-31.77,-52.341,1,dc1cb6c1-0d73-481a-b2c5-e55cecc2e085,5828193.884199755,Brazil
-27.5535,152.9289,19,6c244975-46e9-4de2-a417-2c8e55d01243,7973241.146409583,Australia
-26.8185,153.0654,1,37fd1840-675a-4bc7-aa33-fb4961ec667f,7945756.585403642,Australia
-26.2023,28.0436,9,5f2e2368-97c1-479d-9111-b6a44dd0b393,4995090.86774702,South Africa
-25.2079,-57.532,1,ecd93f1a-0bfb-4c0e-8117-65cb2709c4d3,5595562.711150567,Paraguay
-24.7859,-65.4117,1,45ec3c41-42eb-41e0-8369-3e9c36f8336f,5635168.770967428,Argentina
-23.5475,-46.6361,12,d8125e48-c348-41ec-a608-ed2c95a63044,5298922.391326102,Brazil
-22.9064,-43.1822,3,242021f5-1384-4374-be1b-e94cacafbbcf,5328063.741863562,Brazil
-22.9056,-47.0608,1,a1719964-8b26-4861-9cc7-a3aedf7e7651,5253066.315468863,Brazil
-21.5514,-45.4303,1,46fb2be2-2cf4-4881-8194-c7e159572bfd,5159715.166534564,Brazil
-20.8823,55.4504,1,3e6bb34e-19f3-41a9-b170-42b73d3e9e69,4994546.541174001,France
-20.1619,57.4989,2,f90d4ea4-c664-4853-bbf0-59014beaeec1,4997213.943185793,Mauritius
-20.1436,-44.8907,1,2f12ace7-1916-462f-a2fe-adc7397c4694,5024913.528481868,Brazil
-19.7697,-43.8514,1,6a50efe6-8e73-40e0-89f0-40037f21e3b9,5173626.866020963,Brazil
-18.9743,-49.4621,1,309e606b-d9f2-4950-8971-12ede3abb1cd,4977657.432484181,Brazil
-18.9186,-48.2772,8,57f12374-b154-4e83-b4bb-7a3a05642151,5025202.213369507,Brazil
-16.6786,-49.2539,1,e50879fa-5b07-437e-9106-c20342907961,4798017.447951586,Brazil
-8.65,115.2167,1,9123aac7-09e2-435a-b7f3-c9d1fd639334,5515104.998319349,Indonesia
-7.2492,112.7508,2,e5220c14-7768-4f2c-95e5-53c2d74d636a,5404704.602382648,Indonesia
-6.4,106.8186,1,e8664326-58d6-4df8-a2f2-013f42e37194,5225821.1945801405,Indonesia
-6.3264,108.32,1,3669f08a-2be2-4445-87c9-34ba3bf69f62,5234814.633450699,Indonesia
-6.2146,106.8451,1,4de02520-d767-4971-bdb4-0220e85b19c8,5218786.293272788,Indonesia
-6.1106,-38.3053,1,7c902ff8-a251-4497-8f3d-7852bac058a7,4559730.484308007,Brazil
-3.6861,-40.3497,1,e2dc858e-4b29-4eb5-8199-15af61e33a5c,4413877.259734853,Brazil
1.2897,103.8501,163,13d767b1-63a6-46b5-9c3e-880785456e7e,4845058.982375046,Singapore
3.1412,101.6865,9,9be6f9aa-2db7-499c-bf7a-b29909015863,4714693.268384597,Malaysia
3.5833,98.6667,1,e057a5e1-a2b5-428a-9cb1-78e490dfd8ce,4635743.144004796,Indonesia
4.6097,-74.0817,1,b0da5194-2c94-4b49-aa8e-466315215635,4006469.1898058224,Colombia
6.2518,-75.5636,1,251d4c37-a9ca-4f82-a140-fe842b76e10c,3934562.793202526,Colombia
7.8906,98.3981,7,0360df9f-bd58-4c27-957a-479e06e848e5,4455391.309550054,Thailand
8.1271,98.3074,1,5a3b0f37-a1b5-4eeb-8c24-46c41acc32c8,4443815.762066445,Thailand
9.334,-79.8917,1,5ba5dc63-dd6e-493b-af3a-f71fc2946d17,3763197.5463987733,Panama
9.5357,99.9357,1,bef59756-ea6d-4604-a64b-dd55689a7ffa,4427515.575400889,Thailand
9.9333,-84.0833,1,00a8b414-c495-48c3-a914-6d8198944f15,3749353.3087864667,Costa Rica
9.9667,76.2667,1,06bf694a-af78-476d-a26c-c26c8b9e4deb,3954050.106970971,India
10.4958,-66.8537,1,ac95492a-15c0-41e3-8902-14753c8bccb9,3631348.214484086,Venezuela
10.823,106.6296,12,b9c7b5d1-4592-4516-a77d-78da67f1df4c,4507454.481226249,Vietnam
12.9719,77.5937,1,c5a0a441-9df4-44c6-94c9-1f448f7a4b44,3838175.391787315,India
13.5833,100.8167,1,f6ef4666-46ba-403a-b3d9-6ca585f8b4a0,4291520.209237493,Thailand
13.754,100.5014,8,55a31ac3-c618-40c3-a509-0bb251c96277,4277351.364954024,Thailand
18.0103,-66.624,3,229e14bb-da40-4870-8065-12295dad1caf,3249080.6627464304,United States
18.7904,98.9847,1,3d643989-f768-4abd-bc27-1e5c6244effb,4064531.7730598864,Thailand
19.0728,72.8826,22,02c058c1-c82b-4555-a6f2-1b3f01474c7d,3548079.288489481,India
19.1809,-96.1429,1,a5cd9ce1-5d4a-4fac-9724-6247abc7b0c1,3451846.9785365206,Mexico
19.4285,-99.1277,4,a3c375f4-0e94-41c1-b40d-9d69c5c2343f,3511324.163921835,Mexico
19.6049,-99.0606,1,1f91c313-4bbe-4d04-9098-d8fdf2c2167b,3500374.1149664996,Mexico
20.5618,-100.2452,4,6133e82a-5f8d-41b1-80d1-c2f38162c8c5,3462394.548671886,Mexico
20.7646,-156.4458,1,f8cd0415-28e6-4710-97e6-e884ebdc10a5,4445914.596972039,United States
20.9754,-89.617,2,307a73e8-e27e-4ee8-b32f-61744d06ec3c,3236233.848223175,Mexico
21.0245,105.8412,2,9b5c3de2-c449-4d50-8324-9a8119ad3fa3,4110679.3475527195,Vietnam
21.1861,106.0763,1,3202f4ac-8b11-4737-afb6-6a8ecd5e3d1c,4110398.2112035765,Vietnam
21.2887,-157.8006,2,99bd5e7d-6cb7-4e4c-b7b7-28ac490f26fd,4446927.973402299,United States
21.3274,-158.0103,2,417a9910-a8b0-41f2-807f-df77a91b748b,4450544.729068961,United States
22.0605,88.1098,1,2b6a5144-4f17-49ca-82b8-e4f024dcaac0,3745103.524163808,India
22.2783,114.1747,60,ea123e87-d65c-44a1-9472-0e45fe77ce48,4196676.059169695,China
22.3917,113.9716,11,c5b7a8bc-7566-49d1-8984-7c9c76d2745c,4198404.6156215295,China
22.6163,120.3133,3,d6050ac6-0dc1-40f6-bb17-8a4760bf5426,4268859.913325838,Taiwan
22.9908,120.2133,3,2d8f6484-42fb-49a8-9d8c-11990a8f56a0,4252315.979418569,Taiwan
23.1167,113.25,3,18274d86-539a-40ea-ba67-e8443bd77147,4176078.9337584004,China
23.5841,58.4078,1,c78109ee-a02b-4b77-89c4-c21e97d126ab,3063295.462970737,Oman
23.9567,120.5761,2,3d10c5e3-a449-4c0c-b3fc-4c9944f4b2e5,4212990.001439112,Taiwan
24.1469,120.6839,4,5070e74d-f3b3-4b90-a647-eca88fd7fced,4197666.931191893,Taiwan
24.4259,54.605,1,3d09400d-b47d-4807-897c-459427ac4f93,2930373.048854506,United Arab Emirates
24.9937,121.297,16,7e1c93c8-7b4c-44e7-8ec8-282d9f53f494,4158460.6503965845,Taiwan
25.0389,102.7183,3,f7518943-9d76-41eb-9d8f-8283469df424,3883542.0890456387,China
25.0772,55.3093,3,0d441f66-c47c-4e81-97a1-299767bc9c43,2943111.3290783586,United Arab Emirates
25.1164,56.3414,1,cce1a0b4-da1d-4f40-b224-f9bcd332fe48,2965793.4290480064,United Arab Emirates
25.2604,55.2989,2,a9cc8f77-3ce9-49d2-a8f1-d773b7cf2444,2935767.7058663294,United Arab Emirates
25.6715,-80.4445,1,21f305e6-557b-470f-b7be-7e563aac42a3,2897829.3021629765,United States
25.6751,-100.3185,4,dd9ae447-26c2-482b-90ca-13d35b3f993c,3091405.9361727685,Mexico
25.7743,-80.1937,14,2a4ab74d-82cd-489e-be55-88680ee21832,2891462.6885241847,United States
25.9098,-80.3889,3,892ee9e4-e0da-4d9c-bbfa-10c5f048b7f2,2886128.9119280055,United States
25.9221,-97.4612,1,671f2b71-a896-4d6e-a4f1-da7d9df92819,3099228.3783011227,United States
26.1216,-80.1288,5,7d192e6a-5daf-43f9-b140-051b4563af24,2874699.7487431457,United States
26.251,-81.711,1,1354db2b-76c3-4f8f-af85-885fe8eeb391,2879379.871755989,United States
26.2729,-80.2603,1,8a4b2ac9-b1c1-45dc-bfd8-c5d466c9d709,2868328.934697313,United States
26.5253,-80.0664,1,93c8aec0-92fe-43b7-9d7c-df42ed553f33,2855632.3025542316,United States
26.5629,-81.9495,1,e94fd4ab-83bb-4ccd-9822-88b67e084bd7,2866688.4228906026,United States
26.7165,-80.0679,1,c0d440ba-f93a-4ff1-9220-08dccc1ce049,2838959.443229864,United States
26.9339,-80.1201,1,85175610-b3bf-46c7-860e-5f3745fc2bb4,2837254.7032217225,United States
27.3298,-82.4576,2,989c1086-c66c-49d6-8577-d86331d22575,2827623.972828379,United States
27.8685,-82.6161,2,17e1a17e-dc7e-43b6-a378-03d94b5c2f7e,2804674.15485556,United States
27.9951,-82.4046,5,17dd55cd-ad1d-4618-bbfa-b9043e5b0e8b,2797120.626429413,United States
28.0997,-15.4134,2,ba6120ff-45a3-4c61-87d6-1759f12a81a7,2352461.566489327,Spain
28.1331,-80.7112,3,86df7fd6-613f-4a52-809a-803106e9d482,2786890.46017179,United States
28.4682,-16.2546,1,5888cf2e-4d2f-4871-89a0-abe477663b9f,2336411.480421199,Spain
28.5383,-81.3792,5,e1025a52-3e53-4d58-a2c8-68c29fdd09e0,2765365.9543906567,United States
28.6302,77.3918,1,af935914-bc32-45c7-9db0-9aab4d4f7573,3169902.833810847,India
28.8053,-97.0036,1,5dca97a0-e9dd-4a6a-955e-d46a79dc1ce3,2930956.91692548,United States
28.8654,-82.0406,1,0da0350b-6708-40c5-bac0-851dd1fcc13c,2756028.750883181,United States
28.9005,-81.2637,1,a33caf05-a3ec-4cdf-9cab-98a35a9f31e3,2749038.6995774577,United States
29.3697,47.9783,1,9ff901ad-2d05-4a5a-b34b-9d0a7c5aacac,2571211.212778396,Kuwait
29.451,-98.6169,2,0bbdb51c-d95c-4d72-8ee6-fd6924a65786,2846456.8232660564,United States
29.548,-98.2911,1,1fd24515-072f-418c-9489-1c5cb2522e03,2834292.555318603,United States
29.5565,-81.219,1,b2da13fe-7334-436d-b63a-47d2eb8b7378,2721133.0359700974,United States
29.5603,106.5577,1,125b1329-cb58-4dd2-bb16-834c954951ea,3784400.2803554423,China
29.6516,-82.3248,1,44e6e9bc-3e37-468e-bc81-266d288970dc,2725040.372224558,United States
29.6794,-95.9772,1,16a822cb-eb4a-42ba-aa8d-e113cf35abe8,2870050.6979079386,United States
29.6889,-95.4341,15,d4cd0247-de0a-4245-8ec3-3565d1e3879f,2857559.8293971736,United States
29.7229,-98.0742,1,eae1e8c0-944b-45ed-a952-f2937ce94154,2821821.695798547,United States
29.8782,121.5494,8,020c90b4-14a8-4f0e-a308-5b2da30309fe,4026465.543642061,China
29.8947,-81.3145,1,29d0a362-5c5a-44ff-b15e-e220688cfc99,2707748.9353750143,United States
29.9746,-90.0852,1,d4b9b844-f2e3-4038-ae64-4ce4c21b840b,2791491.3661384257,United States
29.9891,-97.8772,1,36501f5e-a86c-4949-8b25-1ba7158de1fb,2806330.1354322196,United States
29.9988,-95.1766,1,608eccf0-9bb9-4bd0-9402-0eafd4b26a55,2839251.9151587607,United States
30.0198,-95.4087,3,be332e7d-a725-46d9-b90a-0d989508e2de,2843406.830874023,United States
30.0972,-95.6161,1,ddbc7a0f-d5c7-498b-9aaa-b41733992881,2844840.3720333716,United States
30.2428,-97.7658,20,5f7f43b4-c8dc-4058-b490-488cff750d7e,2793617.746091315,United States
30.3322,-81.6556,1,17e4f813-e9c8-475d-bac0-0c11e9cfbbcb,2684426.4162095245,United States
30.3586,-103.6621,1,bab60669-0aa8-4443-8a50-e7b628748abe,2946824.2822060282,United States
30.4016,-86.8636,3,d1033689-d900-4124-8ff0-6dfe076eb278,2729924.4579775957,United States
30.43,-97.8326,5,2047bbd8-52d8-40d7-8609-ebfd83feba2d,2787985.41108908,United States
30.4394,-97.62,6,f0f9a503-9301-46c3-b378-c6d34b73658f,2782476.9295074744,United States
30.4478,-84.3211,1,fe5d7ead-b6b6-4dcd-8736-162babd1185e,2695593.821153085,United States
30.6667,104.0667,8,04a57731-1e45-4410-9499-7094f9986106,3722295.669423877,China
30.8202,-96.3059,1,941a69fc-b375-4b85-b08f-fca91bd9ffc7,2797553.61325204,United States
31.0982,-97.3428,1,c3940c94-c56d-44a9-b411-d0962d490b68,2751001.276213971,United States
31.1082,-85.5944,1,7846633e-d449-4549-a149-f91de71041ff,2675946.1175802858,United States
31.2222,121.4581,44,3a2f27ce-5201-4fcf-943f-e5587c5b0cba,3977002.910526034,China
31.535,-97.1899,1,1662183e-8855-476b-b739-d5fc7428c3fd,2714331.4827722386,United States
31.769,35.2163,1,95f929e4-0368-44c6-81e9-47ba71096f72,2216685.452052664,Israel
31.9293,34.7987,24,6d40862e-0aa6-4641-83f3-823d43a0ebee,2193293.5249899295,Israel
32.0617,118.7778,1,969ecfd7-74ac-4b63-93d7-b13801d2ad09,4013573.3762427545,China
32.3234,-110.9951,2,c8902297-8b2b-4194-8208-da7f45a8948a,2958467.134015514,United States
32.3329,34.8599,2,7be029c6-e876-4066-819f-64807cc31cd6,2178552.6277942574,Israel
32.473,-84.9795,1,33709574-0d07-45fb-9661-b430f425916c,2591542.5489801797,United States
32.6278,-115.4545,1,a793466c-f25a-4b12-bf09-b84b4ef92ec3,2817238.8970856373,Mexico
32.6354,-86.0344,1,8219a47b-32bf-4cc3-8c6e-cacfe18312a6,2590672.606011784,United States
32.6401,-117.0842,14,8110a5bb-9842-41b2-88a7-e7e387a6c1d2,2884003.1988591836,United States
32.7254,-97.3208,2,b747021e-b125-492e-a346-41ee69c7ed7e,2650140.4585317727,United States
32.7831,-96.8067,18,de29d922-2c03-4193-b298-e9d2ba2cbe51,2627821.6351112872,United States
32.7969,-117.2405,10,88143a06-0825-49bd-b8e0-9588ee0b5dc4,2882971.0411263304,United States
32.8059,130.6918,1,45cd2002-2ce7-49b1-818c-f1b75738ab91,3896287.5972996415,Japan
32.8546,-79.9748,3,837720d3-15c8-4c18-8499-7f994a5d2ad8,2509986.8281933186,United States
32.9029,-96.5639,5,f29fc2b9-05e9-41d9-a14c-36d35c4a9ad7,2609901.236025165,United States
33.037,-117.292,5,4a070c24-957f-4f0a-9125-eb2b4fc41dbf,2875790.675279944,United States
33.1032,-96.6706,2,83cce9b3-7f88-4571-bbc5-38cb04652731,2605621.160307493,United States
33.2533,126.5618,1,4ce1b194-e60f-412a-b8d7-5bb8272c7fe6,3789765.3232871355,South Korea
33.4054,-86.8114,3,2e77e63e-a3ef-4df0-9dbf-e09245187f1b,2557494.358274381,United States
33.4484,-112.074,19,7cb0d451-dd6e-4050-b791-9f568eb0e9b3,2838730.5798188536,United States
33.471,-81.9748,1,72401283-779f-41d6-a470-318e35ee1d58,2505190.6208671215,United States
33.4936,-117.1484,3,f9324e56-9b7f-467d-90c0-4769ba87f525,2836377.0960139716,United States
33.5017,-117.6625,6,d4d27682-9ec9-4836-b41f-7db673c23ec7,2879782.4998945612,United States
33.5726,-84.4133,14,0dc190b3-7e14-4117-a0ee-e18ffe9717a4,2514089.8508797796,United States
33.6654,-117.9686,17,f3c24f38-4a54-470e-9b8e-f26dfed251ee,2873958.164022327,United States
33.767,-118.1892,7,cbbfb60a-ef2a-4426-8d0f-3b975aa71520,2886650.264217089,United States
33.8126,-84.6344,5,fecc896d-374e-4dcb-9246-7e982abd7f50,2507941.559573655,United States
33.8622,-118.3995,47,ab569a05-f6ee-48c3-9c97-adeb6b9dff10,2889912.2548303204,United States
33.8753,-117.5664,3,c60e00fb-db60-47cd-b68c-078d454860d6,2863827.138804713,United States
33.8873,-117.8946,3,be0321b4-7454-465c-be05-79c88c75963a,2873355.995065129,United States
33.8935,-5.5473,1,38612c12-d534-4907-8e61-ea8df6ed387d,2019649.7587207847,Morocco
33.9412,-84.2135,5,e955d609-f366-49c9-af0e-5525be00dfed,2491469.909954602,United States
33.9935,-81.074,2,d532d36d-ee31-427c-85c9-038e93ea02f3,2459146.8857399104,United States
34.0336,-117.0431,3,696b0952-7e50-4955-8bee-1cfc50353ea4,2842851.4630805603,United States
34.0534,-118.1271,5,8c68997c-96d0-4a6e-b53b-7bd8325c3216,2874815.8586289953,United States
34.1065,-84.0335,2,d6d0b68c-3356-4cee-ad71-73afb22bd913,2484014.4156325795,United States
34.1472,-118.8383,5,fa6ca23a-5ce5-4758-98cf-91b80e9287e6,2903364.164536803,United States
34.1993,-118.5983,3,cd687eb8-08f0-4520-91bb-19179abf9398,2893973.955798294,United States
34.2237,-77.8862,2,d3326d85-efc6-4e9a-9850-c50c7e35c027,2442118.3842182416,United States
34.2313,-119.0464,1,b064aa90-1879-4805-871f-ca4975f035cf,2897720.3380550654,United States
34.2583,108.9286,1,5d754db1-b5fc-4d96-9221-a65d18a2edd6,3730422.8589966064,China
34.2979,-83.8241,1,5770f371-f47e-4af3-ac87-8a10c3246807,2475558.3274484756,United States
34.3985,-118.5535,2,37503e47-8b1c-41c1-9bdd-063d2cf8fbed,2876479.7912803623,United States
34.4208,-119.6982,1,47801031-5f33-4ec7-a088-d32dc5e2aa52,2921723.521302477,United States
34.4839,-114.3225,1,f18ef456-71e8-4070-a3ad-2091fa0b2c06,2721348.6034357413,United States
34.5789,136.5371,1,b8551858-6b6f-4829-a736-1298a46cd702,3805264.1330742994,Japan
34.6059,-86.9833,1,04685109-4e22-44ba-9a9b-e73e43191615,2479797.479078035,United States
34.65,133.9333,1,f65085c1-45bb-40c7-9f1e-b43a782dbf2e,3711802.6226927345,Japan
34.6938,135.5011,2,32123052-c361-47ed-ba33-d6fb80e6c125,3740566.9625758743,Japan
34.7304,-86.5859,2,796feb44-0bb3-4d83-9142-8d1c5b00a4fa,2485465.791209655,United States
34.7371,-82.2543,3,664001c1-dc8d-452f-94fd-d6be5640adb7,2433644.1713672886,United States
34.7465,-92.2896,1,b9f9b9aa-1ccf-4ff8-91a0-7b088bc8b478,2550953.3112706393,United States
34.8503,128.5886,1,26454a0a-aeb9-4a0a-8da2-c704f602fe1c,3714252.998623257,South Korea
34.9505,127.4878,1,a71faf10-3c16-4d23-b037-a88390c5680f,3664332.1463269694,South Korea
35.0,135.8667,2,38ef2113-b502-49f5-8fcc-deae332021a7,3725968.4951854604,Japan
35.0456,-85.3097,2,7035f61a-5185-463d-8d9c-5f0bdd07b536,2451381.5768638924,United States
35.0523,-86.8886,1,c1ce41aa-c973-4172-9a21-140141c2b0de,2456239.2331966935,United States
35.0845,-106.6511,2,659ab23a-2f5c-4f61-8828-d9fc625860f4,2711478.3474128903,United States
35.1017,129.03,2,93ba5c21-6a4d-4bc5-b8ea-7ce99bcc03f3,3713520.9857754624,South Korea
35.1287,-80.9338,6,ef01fbca-c6cb-4fd3-a33f-575de5843c31,2398313.4172837776,United States
35.1547,126.9156,1,5b07dc86-18e0-4a41-aa80-307c29b2eb78,3703416.6586889154,South Korea
35.1753,33.3642,1,cc8919cd-45fe-4113-83c2-289f638fbc83,2185214.765437062,Northern Cyprus
35.3721,140.38,1,abe0edcd-16c3-44f6-a8d6-b9be4ae0e0b7,3919195.191590197,Japan
35.4089,-80.5816,1,e016bbc6-63a3-4431-9b33-6decfd5dc87f,2380437.4516891204,United States
35.4282,-120.7695,1,806638f7-2058-4b4c-9529-7a120117df67,2809658.214922945,United States
35.4333,139.65,1,10bf3a64-7869-48ec-8a23-6661f76607cf,3880198.692921241,Japan
35.4676,-97.5164,5,05f18716-e581-4dc1-ba94-adfdd01666e2,2534826.9259740245,United States
35.5393,-82.518,2,a1304b53-3fe4-4627-a259-3bda75d00ce6,2380312.8110118983,United States
35.609,139.7302,145,6b638c2a-f97e-423a-b99f-37c75c472f30,3875282.562380002,Japan
35.6558,139.3239,1,c16b8d5f-631f-444e-81f5-2a7e367713af,3859676.2920612865,Japan
35.7113,-78.6142,1,bf66a20f-da84-4d57-a363-230fde56eae1,2350646.251219815,United States
35.7326,-78.8503,5,c08843c6-8f16-42e6-aace-63bdef39800f,2350366.4818263473,United States
35.7415,-94.6433,1,48ee2652-1c01-4119-8e11-ac1a72d78f8b,2431587.202922211,United States
35.7895,-83.9738,2,b680b998-8015-4322-945b-8c401262b336,2391728.1331487526,United States
35.8047,139.6019,2,934e616d-6c9b-4a01-be0e-e2724a289a8c,3857892.806888007,Japan
35.876,14.472,5,6fbbe259-dcf3-405d-a8b8-d33ff0185fcc,1946388.2289197883,Malta
35.9328,-86.8788,2,941a5f01-a111-45b6-b2f6-808583dac32e,2405922.492474414,United States
35.998,-83.9152,2,db898e56-92f6-49a8-948f-b40ba5cb7a65,2384934.811709827,United States
36.0649,120.3804,2,4a6f9fd3-07f4-402a-af17-8bbef00b8334,3838211.7372175604,China
36.1052,-86.6591,4,bf4649b3-bd09-4279-8ccc-efa3a3e21409,2397784.8498240025,United States
36.1333,-5.4505,1,c49ec3de-cc1c-4653-b7ce-5a215dc7616b,1912936.3264244709,Spain
36.175,-115.1372,18,aeba1ad9-2b87-4cc7-95f7-83c85fb97bb8,2710569.808071365,United States
36.1911,5.4137,1,b8f5e8d5-952b-49ad-8f12-d487a9baf9a4,1834464.2431304806,Algeria
36.2098,-86.3024,1,cdb65190-e1a2-4d80-8c71-d01505a2b843,2390026.9807123756,United States
36.2178,-85.5423,1,d080ccd4-eda3-4694-9494-f053807f7aec,2380517.0464977296,United States
36.3493,126.5977,1,41230211-a128-42b1-83a9-992baf66ef3a,3714204.071274122,South Korea
36.4153,128.1606,1,751ce8a6-1b2f-4689-adf4-f9afd1bf8af1,3637587.332071618,South Korea
36.4703,-86.6514,1,8edf2864-c902-4a4b-8012-0305a4bbf8f6,2372138.8982116794,United States
36.5298,-87.3594,1,542b793c-0c29-4752-9112-05c3af90842b,2372865.274491703,United States
36.7836,127.0042,1,80c20685-2e36-4b9d-ab88-2a8d38f0f220,3679391.2366250777,South Korea
36.8028,2.9219,1,e88cbfe6-9945-4e99-9769-db814cde8327,1784582.9999519477,Algeria
36.8468,-76.2852,7,a5e36de3-4423-43c7-a929-1b04d78f0943,2302212.2835817705,United States
36.8529,-75.978,2,d87e8ec5-ac03-40b3-a725-52d578dfb21b,2302661.743122817,United States
37.0465,-94.5103,1,b1aba5d1-790d-4946-acb0-102b75cb0a84,2393558.696868307,United States
37.102,-8.6742,1,31c97d3b-58b5-4803-9840-e48278382ac6,1885083.6411942337,Portugal
37.1925,127.2788,2,f565a724-79ed-4876-93ec-a49984664c92,3652736.893496189,South Korea
37.2568,-121.8896,56,44d0b784-db3b-4a1f-a10f-14dbfd174d35,2796671.0202669925,United States
37.3236,126.8219,51,c2805a1f-57f5-4526-9054-1879603512f7,3677438.6591580817,South Korea
37.41,127.2572,3,a6946da4-08f6-472f-a36d-8393aba673c7,3645535.8908310994,South Korea
37.506,-77.6492,2,133c5c79-9bf1-4ec5-9132-ee8fe17fe428,2268362.0658488288,United States
37.563,-122.3255,8,05693994-ceb0-45b7-97d0-5e011aae5286,2801083.5662043,United States
37.566,126.9784,22,d8903b1a-05b7-405f-864a-6d951759189f,3654191.6461512772,South Korea
37.6391,-120.9969,1,69e46727-ff79-4acd-9994-7df6445b128c,2767446.562803525,United States
37.6624,-121.8747,3,eaba72d1-9d59-4aa5-895f-1b1de735a5cb,2765908.6910834364,United States
37.669,-97.2802,5,3b6c31c7-0d6a-47e5-af4f-7286f962bb6c,2445702.3420260083,United States
37.6773,31.7246,1,2e3cba84-00ad-4aa6-9894-e751a9f3e781,2074865.3026941242,Turkey
37.7749,-122.4194,37,122fa397-06f4-4d4f-ade3-9890cb3a1945,2797869.5947118886,United States
37.784,-79.4428,1,9f49923a-8c2b-49ef-96df-48aa4c8c2852,2257133.3943670318,United States
37.8216,-122.0,7,be9e64a9-6f52-4669-8e34-b42fab609e8d,2774359.0136443824,United States
37.9315,23.7678,4,b09a7e5e-d7b4-4180-be12-22a4e26b84e0,1869400.7836137558,Greece
37.9748,-87.5559,1,431e289f-bbd5-400f-9f63-d1e2465ed9b4,2315706.3802685733,United States
38.0049,-121.8058,1,fe27b56c-0872-48c7-93a6-348f30772f2d,2744994.0239695557,United States
38.0293,-78.4767,1,0883f035-281b-4c18-8a79-d313d0e4432d,2248217.409198291,United States
38.0864,-92.4869,1,d1849a52-5691-40c7-9b9d-4ad486986fa9,2312622.3083468047,United States
38.1313,-85.5754,2,5a0e4c65-7e23-4164-b632-c0afa9eee979,2286019.3112859656,United States
38.1917,-0.5658,3,c3250928-9544-4c40-9a8c-0c22ecd44faa,1821631.8040466805,Spain
38.207,128.5918,1,5b42e81b-d9b0-4cea-9baf-d611a556b8f6,3571199.0446543586,South Korea
38.2324,-122.6367,2,6ebae7e6-9eaf-4f50-8828-b2448be8d4b2,2791782.7365498208,United States
38.2383,-122.0402,2,73aaeda2-fc70-4454-a0c1-550d7af783d0,2745765.0917187957,United States
38.2444,21.7344,1,99044db1-6bcd-4597-a04e-4a28f0089b01,2004961.8031797304,Greece
38.2544,-104.6091,1,9929dca2-69f3-4cd7-b474-aad4b884b2af,2515421.5362247075,United States
38.4088,-121.3716,1,8669f85b-5bf9-4737-ba30-60612feab2fe,2729956.4359707995,United States
38.4262,27.4173,1,aa13080a-34af-4f4e-b9c1-52553dc6d1d5,1854540.458898006,Turkey
38.4701,-90.3046,7,af63c91c-61b3-498a-917f-95a474eacfbf,2280049.2212402048,United States
38.5458,-106.9253,1,d503ee2e-865c-49a5-b522-865277a033a0,2482733.4709261046,United States
38.569,-8.9013,2,252f83c1-e0ae-49cc-81f1-76d34961aaa6,1817199.3143177421,Portugal
38.5804,-121.4922,5,f658f8ba-bcdc-4d0d-84bd-ea2b162bc921,2701856.970848672,United States
38.636,-77.4378,4,650137f3-30df-46ae-b1d8-423dbf537063,2231611.435228404,United States
38.679,-9.1569,19,c117ea19-d775-4ca7-bdb9-94190e6c6958,1815930.9279473599,Portugal
38.6857,-121.0822,4,0ae01ee7-1152-440e-99ce-56ed3416fbff,2759353.758342178,United States
38.7073,-77.023,19,3b5f0c16-7629-4b4f-aae9-3c49655b5608,2229859.7265462535,United States
38.7098,-90.8796,2,ba327083-71a7-4ff4-b139-cdc3822d8ced,2269562.4697891283,United States
38.7135,-78.1594,3,eba71347-f6d0-4663-98a4-dc664063d4fb,2223701.8413120853,United States
38.7934,-77.2716,3,ef9da976-5974-4ad4-b380-df7d6954fea7,2220947.5804353687,United States
38.8339,-104.8214,5,2684816f-9264-470f-9106-77584aca6c13,2464615.6716493904,United States
38.9209,-77.5039,317,dcaf3dd0-7b05-4101-b1d3-56c9c5a2fa03,2218022.8069782294,United States
38.9517,-92.3341,5,e8b4fed6-2f4d-4a4a-bc46-52847208e497,2298406.963301044,United States
38.9786,-76.4918,3,1231e967-b2f1-49ec-9cb2-f006e58c9abf,2223778.552069957,United States
38.9942,-1.8564,1,30955879-ee54-47dd-9dac-fa8f3b0d20c8,1806442.503705548,Spain
38.999,-84.6266,13,894e1f7c-a6c9-4f89-8073-657d53bf1db2,2248532.4127582433,United States
39.0284,-84.2177,1,d821a25e-dc45-4c17-b0ed-2ca8d75779d8,2243873.75474703,United States
39.0417,-94.7202,10,37bb295e-3a36-4b90-b13f-86cfd7e07979,2343436.762272398,United States
39.0993,-76.8483,5,386ec326-d173-4b09-a2e3-147eb779fd05,2213898.2859427696,United States
39.1071,-108.5968,1,90b444d4-c940-4c9d-a882-b969ed75071b,2487378.5945093636,United States
39.1502,-123.2078,1,c8ecda07-039a-4010-871e-1a156dd1831c,2794131.9082016614,United States
39.2025,-119.7526,1,e0d062a0-4e5a-4a93-bd4e-eae8d1e65488,2742695.9513190975,United States
39.213,-106.9378,1,a827fe42-c67a-4067-bd6a-fc8cadd9a16f,2458949.634322774,United States
39.2191,-121.0611,1,e5caabd0-d709-4481-a9ff-a6df50356f49,2781117.8921773937,United States
39.2844,-0.426,1,216296ba-a0f8-43ec-802e-429473482675,1803313.3816329716,Spain
39.2904,-76.6122,4,10f76695-3c33-474f-a55a-63f09351361b,2209769.518681102,United States
39.328,-120.1833,1,d5dce5f2-8f95-459a-81d1-2b17c9966a99,2752180.2600979516,United States
39.3722,-104.8561,3,70a73bf0-480a-4732-b60c-79040c48b8c2,2436513.5008520745,United States
39.4562,-77.9639,1,acefe79b-a97b-428a-8c11-43d6323acaef,2199951.115369551,United States
39.4739,-0.3797,2,bf9f0a77-8fe9-4ed8-8467-c3c9aed31244,1780713.6497256618,Spain
39.5145,-76.4111,1,906e529a-d576-4ad0-85fa-590a28abe12d,2205104.5704789595,United States
39.5539,-104.9694,28,5b3860e2-2df1-48f0-af70-79802781613f,2435318.15799747,United States
39.559,-84.3041,1,20b7aa95-7b24-47d4-a53e-ee03b4479c95,2219331.2281552353,United States
39.6029,-9.0684,1,3486ff92-409f-4eda-8f05-e91f40d229e5,1781376.7657327305,Portugal
39.6369,22.4176,1,30795a8a-e47d-4ab8-9ff8-4389dc5fe117,1919177.248338444,Greece
39.7096,-86.2614,1,95605c23-661c-4cdf-8e36-c38e14607785,2245456.2807461843,United States
39.7104,2.6223,1,38d00837-623d-487b-a04d-05a65c267851,1700234.2961913818,Spain
39.7137,-75.6094,1,7fc0167a-f0fd-48fe-9878-730d3ce40edf,2208821.43982667,United States
39.7285,-121.8375,1,8d53c8ec-f26b-4d3c-8bb0-ba70bb6fe06c,2683851.6933826846,United States
39.7294,-104.8319,3,be234f71-9318-46c8-98bc-a88c9a6c3d66,2428265.5954236155,United States
39.7886,-85.9779,1,1318facd-351d-4a60-8bb1-a8410346bc3a,2240404.577678817,United States
39.8007,-76.983,1,e2da7f9a-98c2-4882-a757-30356d1f14a0,2198932.4060423374,United States
39.8028,-105.0875,2,b8ec6169-f547-4e38-a262-d2cefbce1364,2432968.129921802,United States
39.8403,-88.9548,1,b8cf38be-9e38-48bf-adbb-bc07506c640e,2207982.273703626,United States
39.8853,-4.0512,1,d95a5045-6696-401c-b82b-a47063694fca,1783510.971352944,Spain
39.8923,-74.7021,1,b82371d8-9a34-4add-ad1e-4aed76175245,2207689.80948188,United States
39.9075,116.3972,28,705c8b06-3fc1-4b6f-bd0f-f5e64d94f833,3749458.79901167,China
39.9168,-75.3877,5,b4cc6694-94fc-4415-9a68-01e4c44959ff,2205061.534161248,United States
39.926,-75.1196,18,542411d8-183f-4425-bd62-d1fecc36b00c,2205584.732523663,United States
39.9383,-0.1009,1,5b3f097e-2cd9-4d16-a001-380fa69dae9a,1746176.4015521721,Spain
39.9573,-83.2288,39,c6f88b1a-2ea4-4433-ae64-730b81da34b3,2187658.091964852,United States
39.9784,-86.118,1,de1cea17-5964-4fb0-8780-8056e4fddc6d,2231386.409199439,United States
39.9956,-82.6743,1,2b7acb46-8228-468c-a946-4c97cc879e8b,2182560.068017189,United States
40.0503,-105.05,5,8176e318-20fa-4d4e-b9bb-acfbf3bb2fef,2418751.081605451,United States
40.174,-80.2462,2,1fceaaa2-bc84-49be-9734-64db6ab4d2c5,2178938.67463378,United States
40.1843,-75.538,4,024440c7-2642-4e0f-80bf-3c949267c341,2192879.5774132223,United States
40.2338,-111.6585,4,d8d6af27-03e3-490d-b65b-c8c282629de3,2465741.728815401,United States
40.2426,-82.8591,1,c752c9d9-cae9-4c2d-94f4-e694f1841497,2179516.260354676,United States
40.2698,-74.7999,3,4f243935-41a3-47a7-b2ee-f9eceed5e514,2199659.081859648,United States
40.2842,-84.1555,1,8985b602-c569-4a1a-a332-a57ba0767990,2197310.360236525,United States
40.3141,-112.0069,1,ea3b159d-7774-4c62-891c-47fee0ea06d8,2464726.2486205157,United States
40.3154,-74.2463,2,d1bbaf88-4b85-4548-bcdf-bd9d9ddbf6e6,2200835.6516287266,United States
40.3223,-3.865,24,160edbb7-044d-4941-a885-c1d12f4f159c,1758371.2138224593,Spain
40.3934,-82.4857,1,4f7a3201-1b18-49e1-afee-ee6983b52d70,2174125.3612506813,United States
40.3978,-105.075,1,cc13e166-121e-4839-beb7-82c463b4e4fc,2387944.878471349,United States
40.4167,-86.8753,1,01786065-186b-432a-9b91-40f0b91982d8,2233581.983745677,United States
40.4406,-79.9959,19,aed83461-ca9b-430a-8015-1381554142bf,2173195.7599710943,United States
40.4821,-3.36,1,9de789d8-0c1d-4740-9feb-0a7ee5bab170,1748625.6017216358,Spain
40.4897,-111.9388,5,0a34d37c-6b62-4870-b1da-fcb76dcb5984,2459265.560015562,United States
40.4993,-74.399,29,2a5962c6-1556-41bb-b463-c5f9112e143e,2196695.117518798,United States
40.5003,-79.7495,1,e39704c2-1967-45bc-841e-70fa85cb9465,2171264.1196009708,United States
40.5123,-74.8593,4,53db4f77-e541-4270-9099-bd38715cfc7b,2188444.983797395,United States
40.5142,-88.9906,1,6d03b9f2-13b2-472e-bda2-53c5a19848bc,2197015.773717726,United States
40.5187,-78.3947,1,0ea9577f-2df0-490d-82f9-665c08976fe4,2173991.6188740423,United States
40.5853,-105.0844,2,021dc33f-3d84-4b57-b567-d676e16b390d,2384730.734000178,United States
40.5934,-74.1632,110,bf743d23-34e4-4ff6-ab14-4529340c81e0,2195897.4917915035,United States
40.5982,-124.1573,1,e3f0350b-361e-4900-9afe-a3fc5c3dece1,2796248.230382239,United States
40.6436,22.9309,1,f52ae983-8b44-4270-9d69-63bbe5dc6b9a,1857618.23734876,Greece
40.6788,-3.6164,1,2ae9539f-4776-4ced-adc6-bf1cfb2b900b,1743114.1517317402,Spain
40.6868,-73.3735,1,3f8873f8-8bde-48c7-8b4f-80014ee0d687,2198017.6328471648,United States
40.6944,-111.5438,1,c2ec9836-2878-4a98-b533-006354927023,2444783.4749822435,United States
40.7194,0.7084,1,c58e6a43-02d5-4183-8f9a-e4ef6e358602,1654406.9152162801,Spain
40.7268,-73.6343,2,c4971b52-6318-46ef-b75e-719ce6df9d9f,2195909.1020892505,United States
40.7565,-96.6946,1,8c0c7223-8ef6-473c-b6ca-d79e7c1f37f4,2321099.734235139,United States
40.7608,-111.8911,18,d74fe432-a31b-4023-b777-326006cfc59d,2444065.2658298635,United States
40.8021,-124.1637,1,d89aa6ea-9fd6-422c-89ac-fa2d9aa084eb,2791572.6908840993,United States
40.8344,-74.1377,10,788962c2-0edc-4731-b1f9-31c5cf1be4b3,2185320.1727136904,United States
40.879,-73.1568,1,4b256771-a5cc-4f66-a2aa-860f70ea3f77,2195760.1312590498,United States
40.9084,-90.2849,1,41e08c1e-5906-4a97-9636-4250add1d71a,2211682.246331476,United States
40.9323,-84.3388,1,ab059426-8232-4748-9e47-b09712ee3244,2188791.2410640535,United States
40.9396,24.4069,1,8aff1f2a-4e03-420d-be5d-5a03f1fb059e,1744363.520405105,Greece
40.9781,27.511,1,4b4989c2-cfd0-4a37-8203-fdeed7e9daa3,1725713.4720343652,Turkey
40.9868,-75.1946,1,e4a53847-64bc-4efe-b315-5c269dc6aba7,2173163.0794873843,United States
41.0138,28.9497,8,879ca476-fbc4-453e-b0b0-a50a75cd2e29,1822646.157706263,Turkey
41.0242,-80.6629,1,47992ae8-509d-49cd-9f67-9cabc0b568d6,2160076.210017515,United States
41.0334,-81.4385,1,a22c7f91-f687-4a04-838d-058e662118ad,2157187.28082391,United States
41.0762,-73.8588,2,b1da70ce-ee66-4a84-bb9e-97bf2cf2971a,2182496.8388367714,United States
41.124,-8.6124,2,de84cfc3-1b76-484e-bbdc-47a6442f27ac,1736874.996602226,Portugal
41.1306,-85.1289,1,2b9c005f-ea80-4961-b5d3-d89adb7105d9,2194259.503519144,United States
41.1384,-81.8637,2,02300c88-75b0-4760-b3f3-c71b29d24f7c,2158323.448526094,United States
41.14,-104.8203,1,1b1ad268-2d83-4f4e-8661-9579932db3a6,2336224.239760061,United States
41.1544,-96.0422,20,97577af3-a9d4-44ed-bb56-fca5e02b8cc0,2300978.635023317,United States
41.2627,-111.9837,2,15d6f03e-a016-4e89-b381-f1b903e11847,2445498.3380318373,United States
41.3081,-72.9282,1,225ac1a5-e64a-4e41-adc8-ef70906e1d97,2183526.7200291585,United States
41.3137,-81.5084,4,4a062d8c-3513-4d2b-938e-5afa7b083e8a,2146853.623339115,United States
41.3462,1.6971,1,d885d73c-79bf-4d3c-a205-f71f2676068b,1627161.456022424,Spain
41.354,-72.0523,2,ee332387-4f7f-45fb-9dcd-d6239603d48f,2188261.3362315097,United States
41.3597,2.1003,7,32107114-764a-44da-936c-336073edd34b,1625827.5744421568,Spain
41.3973,-73.6171,1,6e399443-1d7b-49fb-b369-5d8a2db48120,2172232.7530713854,United States
41.4887,-75.7085,1,fc6bc283-c5e2-4b8f-9253-1776ae4081d7,2158488.553962297,United States
41.5503,-8.42,1,56072dc6-5063-43b5-bb5a-4d5f1ee9cb25,1727191.3596737727,Portugal
41.6005,-93.6091,2,0e77f095-61a3-464d-bf7f-10ef8184194e,2268714.413701863,United States
41.608,2.2877,1,3a6220cf-bbdb-4a7d-bafc-8d39f5ada391,1615908.11655347,Spain
41.6142,-81.149,1,6c89e74a-9473-4d16-90c3-0d3d0f632848,2141035.9525187206,United States
41.6561,-0.8773,2,ca9f843f-0e4b-4132-9363-8020fd3b6d54,1696757.6549113195,Spain
41.6941,44.8337,1,c592b086-ba57-4bf0-ae81-356adde35409,2094299.2574613278,Georgia
41.6969,-71.5219,1,db815584-b54c-402f-aca7-4389c2d1bfe1,2186453.9301524023,United States
41.7001,-70.2995,1,a76fd366-11b7-49bc-bb9a-95e5ca015db2,2196158.460539932,United States
41.7004,-73.921,3,02f9322c-3483-40af-b8f7-ed829b060afc,2160307.6397012565,United States
41.7402,-7.4688,2,44594e5b-efb2-4c06-81be-6e002096748b,1723112.6782382557,Portugal
41.8456,-87.7539,30,8b3280b9-277f-47d8-86be-b64ab139881b,2153464.461366366,United States
41.85,-88.3126,7,5fba7b60-d48e-4bdf-b7c3-0856b58e67db,2161216.3722288953,United States
41.8666,-103.6672,1,35b6c1e7-4928-43ae-9997-43b225db90cd,2322669.191352592,United States
41.8919,12.5113,7,5544b709-7b27-407f-ab99-25bf271560e3,1648952.7296172816,Italy
41.8976,-84.0372,1,71994307-b020-4e4e-a9bb-c316816b863e,2152350.878870531,United States
41.9001,-71.0898,1,46590b48-c4c8-47bd-94ca-8d6761801504,2186600.8315791725,United States
42.0029,-71.5148,2,b8a9f69a-01c5-4d29-8ee1-810995c67798,2181967.670266257,United States
42.0167,23.1,1,8290ff55-6413-48a5-8433-8512e430dfb7,1787151.1789095828,Bulgaria
42.0347,-93.6199,1,aa106f51-be36-4752-b875-8a7ed48bb403,2263156.0257617645,United States
42.0697,-87.7878,1,3f4d783a-4275-4218-aaac-a986142b535d,2151503.969905125,United States
42.0751,-72.0334,1,1ff63dc8-64cc-4760-ab61-82a8ff870efd,2171356.686288647,United States
42.0932,-70.7925,1,d7282cbd-fa80-4f4f-ae71-492e1613ed44,2186170.619778452,United States
42.1167,-86.4542,1,e2144570-c718-4db7-b752-0615fe304797,2148238.6294829394,United States
42.12,-85.5328,1,2111762b-9835-4744-802f-ee71a30b8c4b,2172656.1100214394,United States
42.15,24.75,1,ce728529-c857-41d9-8361-727d398eabeb,1719196.4994375014,Bulgaria
42.2095,-85.7845,1,8e157dd1-57ca-4302-a9c0-25799df0a2e7,2167603.6118800403,United States
42.2328,-8.7226,1,0b2252c1-5f0a-420b-a6f6-444454175221,1716115.5840816149,Spain
42.2459,-84.4013,1,4158dbfc-cff8-41c8-8b2b-22503d9fcc01,2152334.8083426147,United States
42.2512,-73.7801,1,0822c495-f192-48bb-8117-8eca2c1bc89e,2154054.297127844,United States
42.2586,-87.8406,1,616f368d-8699-4e78-ad76-28d2fadf97e3,2150358.43382099,United States
42.2695,-71.6162,4,ebc18b1d-53dc-4d31-8465-ce8e5fe7bbf6,2171532.889924894,United States
42.2776,-83.7409,4,02ac6094-9c49-4491-8919-263c5fa66c6e,2145749.823284216,United States
42.2839,22.6911,1,b85d2b76-f032-4475-a018-27ad1a701647,1794095.981728666,Bulgaria
42.3223,-83.1763,5,94a8b372-df38-47eb-86a8-c20ae2a78b68,2140492.457376759,United States
42.3286,42.5981,1,c87dc1d4-bb9f-41d4-b8aa-9028c69faaa9,2015822.282016659,Georgia
42.3362,-71.0729,16,f56649b4-9d62-46fd-bc3f-891fea6c2efa,2180735.168298175,United States
42.3683,-88.8221,1,1a2aae64-e8d3-4d9c-8a78-273af2c51e61,2170396.343438208,United States
42.4542,18.7683,1,5e55a6ff-5fe8-41e3-a176-a8aaaa5f4fe8,1691279.4920975838,Montenegro
42.4904,-83.013,2,5600ac16-4c20-421d-854f-3f9ca5e15478,2137714.475941294,United States
42.5061,27.4678,1,6f904d35-d48f-41db-818b-a517cd1fd70b,1660675.7651487435,Bulgaria
42.5078,1.5211,4,e62813a6-df25-487e-8253-86178655dc43,1584302.998481982,Andorra
42.5834,-71.8023,1,bf78e0dc-e148-47d5-85d6-dbbb5ed14049,2166557.4120289576,United States
42.6,23.0333,1,82f23fb2-d596-48c9-9fd7-15801a01c510,1766216.69388972,Bulgaria
42.6011,-89.6385,1,9fa86aa8-d008-4a4a-b5ad-5ea211f86950,2173417.654508314,United States
42.693,-83.4118,1,1562962f-d6dc-4de9-976f-f7ff6dd40586,2139386.863511056,United States
42.6975,23.3241,5,8f266600-54dd-42b7-b219-4baffb085932,1744701.401595777,Bulgaria
42.7654,-71.4676,1,58c92926-dd97-4afc-97e4-76e6701e4995,2166767.6010776777,United States
42.7829,-73.6648,1,aadf0cbd-b9cd-4116-85e9-afd15282647a,2148971.3688591747,United States
42.85,-2.6727,1,c68f1ad2-9223-4f0e-9713-890e911218a2,1666632.4036418104,Spain
42.8742,-77.288,1,55542ed2-a5c3-4617-b7a2-a7b9b95607a1,2117037.329739688,United States
42.8865,-78.8784,3,ec38280e-ff82-4b60-bdcc-2151e1a74b6e,2119355.602999229,United States
42.9059,-88.139,2,37e0288f-eae9-44e2-a656-42be219d76c2,2156157.9415325797,United States
42.9337,-72.2781,1,b4571162-33f3-4aca-bde8-02bf2285802a,2153941.0204965295,United States
42.9634,-85.6681,1,4b913768-0418-4fc0-9ef3-f49feceafe2c,2111478.1501451028,United States
42.9834,-81.233,3,1171a997-2cef-4717-b1e2-468639bae065,2121856.910322743,Canada
43.0059,-84.3716,1,95dc9f70-e126-4ffc-98ec-e8f95dd4b040,2139185.650322534,United States
43.0356,-89.4526,8,234375dc-2e02-48b4-a14b-f183694fc910,2174127.779499853,United States
43.0812,25.629,1,8aba4a7c-16c7-4799-a0ac-27e2c7d311c9,1611712.997743701,Bulgaria
43.0926,-75.6513,1,77704d6c-adf0-4b4d-ae6b-35910627c362,2128772.494597044,United States
43.1122,12.3888,2,c758beb3-9ba3-477e-840c-8a22e237ce9b,1630723.667744574,Italy
43.1152,-85.5136,1,b0cb127d-19b8-4d82-8329-8b10bc92d853,2108915.0515521364,United States
43.1204,6.1286,1,9a1aeddb-5eca-4c09-b889-fc156d137100,1561888.9190174611,France
43.1317,-77.6062,1,83d81067-86ca-4283-b8c1-9fae68e4390e,2115332.6901984382,United States
43.1536,-93.201,1,570d8fc3-46e3-4926-99da-718ebfeeaae1,2213636.8762641065,United States
43.1756,-76.1194,1,14f2a709-6fcb-4179-a7f8-6259e7e288e6,2114930.2016085014,United States
43.2009,2.7574,1,e7b890a2-f293-46ec-9883-18d048c1dbd5,1556408.8476729174,France
43.2494,-89.6754,1,ef6621fa-50fe-4170-b771-b415c1c8083b,2175957.775672118,United States
43.25,76.9167,1,80f97f76-7043-4b41-8ec8-aaae0b22d6fc,2881956.110725181,Kazakhstan
43.2501,-79.8496,4,70ce096b-24fa-4c22-9873-1e04daca7483,2119869.276122063,Canada
43.297,5.3811,4,ecb346ac-33bf-43e7-828e-958af3398fe5,1553207.8406427135,France
43.3128,-1.975,1,7a5b3f1f-8c32-4c0c-b074-1521f89c2519,1646243.938214083,Spain
43.3494,-4.0479,1,8116af12-6644-4599-a7ca-afe5f522a24f,1655881.201511185,Spain
43.3601,-80.3127,2,b87e7115-ec2a-473d-8e4b-a8698b6e0937,2114618.5861742464,Canada
43.3603,-5.8448,1,2500991a-f3b6-4f5d-a347-8b3d3e3918c4,1674298.270400495,Spain
43.3713,-8.396,1,f6e59e01-8297-40c2-9695-b67cdfd5518f,1704641.7368543844,Spain
43.4528,-110.7393,1,3b4ad979-1c6b-4ee4-99a9-b970debfa0c7,2362846.8547302564,United States
43.4628,11.8807,1,755bbd29-5605-4ab2-a562-9586e6b6b146,1602955.658852077,Italy
43.5357,-5.6615,1,b7e1b005-8fd9-40b9-b03d-2c4263d9f36d,1667075.1357642321,Spain
43.5406,-72.399,1,568d418f-f9a1-4aa7-bddb-1af521f9eb32,2141969.795413466,United States
43.5407,-116.5635,1,e2faefdb-1153-4a4c-be9e-45d488155319,2485197.5331771164,United States
43.5459,-80.256,1,4e769582-4c2c-4a8a-acb4-8e80693f20ae,2113380.5049237963,Canada
43.5513,7.0127,1,b982ff69-91e5-4c9d-8fd6-715dfe66a7d9,1549573.6401891634,France
43.5789,-79.6583,10,27971c0b-00c9-473c-8d1e-763a52966560,2104143.9917213414,Canada
43.6088,-83.953,1,86d446a2-0fe1-40eb-8ee5-4b24c8287274,2118529.3026908976,United States
43.6106,1.3347,1,56ff4fbe-5641-49cc-ba9a-9f3d3387596d,1582386.771168292,France
43.633,-116.2951,1,09a1d703-19a4-4ec3-8a5e-a5bedb62457d,2476728.397865564,United States
43.6406,-72.144,2,f5da5ac7-eb29-4107-a9ac-7fc5e8934b69,2142567.752184212,United States
43.6574,-70.2589,1,5f33119f-7a31-48bd-a471-87029224ebfa,2154895.708535921,United States
43.6789,4.0925,1,b6723b92-40de-47ec-b9d7-83fef46796f6,1538307.7576425695,France
43.7062,2.1383,2,5d39bb6c-95d3-4559-999e-14e5c09f2650,1540758.971910481,France
43.7064,-79.3986,30,52a051d3-da8b-491e-801b-ed8e955e08b6,2102638.764490387,Canada
43.7251,-80.9672,1,bea4ea1b-7b07-4899-8aa7-60f905648e06,2109676.0385068064,Canada
43.826,-111.7897,1,93820602-4a07-40de-8aeb-067ed9d0e3a5,2350917.6174357636,United States
43.8418,-71.6652,1,cb7c59ff-3aee-472b-9e68-0e39547fc105,2143880.0974358153,United States
43.8487,25.9534,1,4e4d8bd5-1115-40dd-9c90-efa543ff020b,1581301.6178770836,Bulgaria
43.8668,-79.2663,3,5ea2852f-2fa8-49ad-8294-8c03f83ae4eb,2101555.1000537425,Canada
43.8805,11.097,3,01ec53dd-e262-4aa7-9d62-743e171bbd6b,1577926.3315948306,Italy
43.8815,10.7723,1,9d66768c-42db-4440-b013-f92e947db69a,1574233.6470255624,Italy
43.9001,-78.8496,1,1a35c10c-8e68-4769-8a89-24f0ccfd5c8d,2106767.3137906543,Canada
43.9946,-88.526,1,ce873e1f-d288-44ae-a553-3f4c36b1e67e,2155310.489188963,United States
44.0005,-96.3175,1,7e0fb2f3-6d21-4531-9bc4-92b8c7df0c94,2212722.5405390076,United States
44.0167,20.9167,1,3f005489-1f23-4825-ae40-28f90ea714fe,1699990.3542242688,Serbia
44.0223,-121.2985,3,50a1926c-0005-41b4-a571-565a379c56f3,2666114.658024595,United States
44.0521,-123.0867,1,969bde7f-569d-4058-8ba0-fb195c788603,2673616.032845677,United States
44.2298,-76.481,1,5c7a4ba5-5709-4184-bea4-788863cda636,2102854.5139288255,Canada
44.2619,-88.4154,2,7c251e3c-52d3-42c7-a69f-064e9876cefe,2152864.177276888,United States
44.3001,-79.6496,1,78a1bde7-1ffa-4a40-83a6-50ae12de23a5,2101669.8701538523,Canada
44.3501,-78.7329,1,2dc50ede-21a6-4c3f-be5c-8204146e75c8,2098680.156951519,Canada
44.4323,26.1063,10,08d7dee7-7a2d-48a6-a4f3-2cffe80329a1,1569618.0471172214,Romania
44.5365,-122.907,1,686c7c81-d57c-4701-b954-7af0da15a0ae,2651126.455412926,United States
44.5622,38.0848,1,bb9a0404-3303-4950-971c-c106250a2072,1829453.5658449037,Russia
44.6427,-63.5769,2,6bcaba1c-03af-4c60-b300-49ad40093993,2207228.066912559,Canada
44.7133,-93.4227,1,07315584-a2e9-4858-b63e-0e720899b07d,2170265.840290588,United States
44.804,20.4651,2,e22720e9-5ed0-44fc-a250-06202d10d3d3,1634492.6113422816,Serbia
44.848,-93.0427,1,2e0c093b-e833-44c0-b1c9-d3e8583037ea,2163337.974071081,United States
44.85,24.8667,1,c47eaa3b-4f9a-4998-bd7e-2494f00e4947,1676202.5646232984,Romania
44.8897,-93.35,7,bbf5db6b-8c89-46c7-b5f1-5e09fa10181b,2168278.7544794106,United States
44.8955,-0.7178,1,c7aaf858-b56e-46fc-b437-0e47b801eb5b,1616696.8169789596,France
44.9023,11.6066,1,5f4e1c65-fa32-420b-92bc-315ade8bd5d2,1548548.309411314,Italy
44.9429,-123.0351,4,2da5fe67-7c55-4ba9-a49f-cadf040d122e,2647813.576913904,United States
44.95,26.0167,1,8faf1efb-2ed9-4f85-8ac7-fb942acf8f25,1547036.883321219,Romania
45.0315,5.0499,1,027b7fc7-a10d-4f26-ae08-e5319671dab8,1486310.9955246518,France
45.0448,38.976,1,9f5b749c-4817-490d-9dd2-34406866c29f,1822131.4656433656,Russia
45.0705,7.6868,1,6668bed9-2ad9-476d-88f0-6984255663e7,1492529.2163632512,Italy
45.0847,-93.0099,2,a3c873bc-ff26-45de-afb8-dd45c92037b3,2161982.159346699,United States
45.2186,12.2777,1,ba0347bd-5952-41c8-a8cd-abcd3dae578f,1554883.299205221,Italy
45.2501,-74.1325,3,4c36c719-6be7-4211-a118-28dfd73b3aae,2103200.2524284506,Canada
45.3134,-73.8725,59,d23da4e1-ce95-4bd2-ae61-7eab42282dfb,2103737.884233509,Canada
45.3141,8.8544,1,7975abac-5805-4353-b661-acb58db61ef6,1499537.6864056704,Italy
45.3267,14.4424,2,5585de83-e673-48c4-b2a2-ca810a54e33a,1562352.3470029938,Croatia
45.3362,-75.7225,6,e6a6f97a-76c6-4a4f-b29c-e153f8c5c65f,2100922.147511012,Canada
45.4076,-122.5704,36,fb92ec36-26eb-48b1-a900-8e4ab48e9f3c,2669593.8391032624,United States
45.4385,10.9938,1,c7cebbc5-ba25-469a-8e55-a9a9827fca83,1531334.9289334733,Italy
45.4501,-73.4658,1,ec9a8c86-fed1-415b-913f-3a4bb7bf74c5,2104728.29320855,Canada
45.4505,-122.8652,6,c4a5ecb1-54b7-490c-899e-5521f182e75f,2626254.122241805,United States
45.4643,9.1895,6,6bb78f69-6f9a-4ae2-b0b6-edf28c9c3944,1497423.8744311668,Italy
45.4647,-98.4865,1,7f0b8bff-ff43-43c8-b29f-9ec9104943c7,2193282.6372851604,United States
45.5053,13.6024,3,9581f09d-f354-4f52-aa7e-20ba5a825b17,1535245.484159031,Slovenia
45.5572,-94.2242,1,668cd22a-a873-442d-83ea-3977f7beeb99,2166512.5300965183,United States
45.5699,-73.692,1,0cf68f95-cecc-4639-8842-4cd03bdc1a6a,2097854.106670494,Canada
45.5946,-121.1787,8,d30f73b0-f699-406d-8f38-f93a7bdcc4d2,2619503.9688700284,United States
45.6291,9.5846,2,9c326717-e890-4e12-a173-4e2df6ddd65b,1503140.4921044067,Italy
45.6495,13.7768,1,e0018500-7060-420d-9029-b87a0acffeb7,1533734.7392591976,Italy
45.7129,12.257,1,611762f1-3bca-4a0a-ba0a-c9bffab51259,1539308.8703008543,Italy
45.7313,5.0021,2,938df60d-8792-421f-a590-d977196d5db3,1457944.1474260655,France
45.7422,-73.4501,1,509c23c0-2664-48b2-9a2b-b2e40703759a,2098480.768861639,Canada
45.8144,15.978,9,4c970018-7f3d-4d9f-b427-ff956eae4534,1490628.0254532688,Croatia
45.8399,-119.7006,11,a62f4ef3-a3e2-440d-828d-1996e921c700,2559653.950419802,United States
45.9088,6.1257,2,0585ca4b-eba5-47b8-97de-987c9a9d6b4f,1453551.535517914,France
46.0101,8.96,1,eed6be46-64f1-468f-8c78-0f11e381ba7e,1478838.1015902024,Switzerland
46.0362,4.068,1,ed09e51a-def5-4633-89b4-dafe2e8d502b,1450468.6970469623,France
46.0511,14.5051,10,d949be07-b546-4f43-bd3c-ce1a46d97b43,1534509.2300073463,Slovenia
46.0646,-118.343,1,cf3f9266-048c-40b0-b654-1d3e3c61ef7b,2513136.2685957206,United States
46.0667,20.05,1,2ea6a628-6513-4b64-a22a-4b19c1c82303,1607228.0023245108,Serbia
46.0725,18.2308,1,b0d4bac9-1d52-42aa-8fae-c8d8efa33387,1551697.0216739732,Hungary
46.1631,-1.1522,1,1fbc2ef0-9ad9-4fc2-af40-52b45f053929,1578694.4945050778,France
46.1651,-123.9238,2,2fc1af7e-83fd-438f-9184-5c282bcd81f6,2645340.877754291,United States
46.1709,8.7995,1,c3637dea-ab4b-43c6-8f0b-9529b3a04390,1472909.1248124975,Switzerland
46.1739,-95.9156,1,aedbedaf-2f44-481f-bd76-45d0aac25da8,2150920.8504997944,United States
46.2022,6.1457,6,50380041-b25a-411d-aada-83eaf722c037,1452408.580052296,Switzerland
46.2274,7.3556,1,92a0f186-27e5-4155-8258-2b743c4a6e7e,1462593.4228620522,Switzerland
46.2515,15.1648,1,cc90734b-cc25-4429-a718-8a9146b0e086,1479403.0909048703,Slovenia
46.2992,18.5302,1,edb5701b-7ff6-4598-8d29-3248983f8361,1560142.0233114662,Hungary
46.3451,-72.5477,1,3c3786fd-d01e-42fd-8d96-abbd553a8a6c,2101598.7923047435,Canada
46.49,-80.99,1,84914444-ec91-4a65-ac29-d566fea6091f,2071488.390413872,Canada
46.516,6.6328,4,fb631c83-5925-4863-9313-f6a8854a467f,1444826.3581472351,Switzerland
46.5547,15.6467,2,05fe2b95-394b-412b-b7cd-6b184c9d097f,1465184.042138537,Slovenia
46.5833,5.95,1,222c010b-9fd4-495e-8b38-4f218086d7ba,1434722.1535848053,France
46.6333,27.7333,1,8a337a24-deb6-4a02-90b6-9ab474c33ac7,1558283.7296793337,Romania
46.654,-120.5301,1,ad7a70be-6373-4193-b419-bd74c36eac34,2570914.5032004584,United States
46.725,6.5307,1,d7d84cb1-2fb4-42dc-84be-7e54f5d4eaa2,1439117.4318941985,Switzerland
46.7547,-71.6957,2,de4910f4-bb98-4f98-90c7-1597f0c6aad1,2105199.643745819,Canada
46.7667,23.6,1,5d1e177d-7433-45ed-bf29-545bcc6ed42a,1586115.9620374283,Romania
46.8336,7.0712,2,3c15b3d1-13bb-4799-b8b5-5a6ae1abaac9,1437839.6155613752,Switzerland
46.8458,-1.8794,1,212b25a7-353a-42a7-98da-d8e2a4115bd9,1568658.5850737973,France
46.8772,-96.7898,1,53e8062b-a99b-499d-82ec-771ec0650cc5,2158117.8599632075,United States
46.9041,18.058,1,df2af307-f345-4d39-8701-7bca7346f4bd,1528128.6925142775,Hungary
46.9244,7.4146,8,977962c2-5dfe-4d0d-92ed-4cfb23ae9edc,1436864.9825516702,Switzerland
46.9918,6.931,1,dba399b0-6e79-4da3-a4b7-78ba2a4fba92,1433482.1936482312,Switzerland
47.0056,28.8575,7,1f61855b-720b-499d-8656-b56209a9f604,1600987.8169262335,Moldova
47.0505,8.3064,5,0831ab1c-736a-477f-8b4d-cc46ac08ede2,1445736.5298780352,Switzerland
47.0833,2.4,1,907c665f-031d-404f-ae46-9663befac1bf,1506568.773245457,France
47.1332,24.5001,1,a2e30187-1613-47f6-b9d8-6b219fe633ed,1647841.7879128456,Romania
47.1365,8.5853,7,69952700-291b-4072-b5ce-61b0dda97a44,1445522.9650131655,Switzerland
47.1854,-122.2929,8,a9a579df-51c0-4c8b-af36-0bd5cd7d5cad,2611174.2926577115,United States
47.2017,7.5665,2,b994ccc1-e90b-4020-a495-2724d51b6836,1438066.5544941027,Switzerland
47.2151,-123.1007,1,7dc0bc50-1416-489a-8a7e-e720826cc7b5,2633005.0643916754,United States
47.2172,-1.5534,2,04f034a8-8686-4ebc-a442-5f9f0600fd9a,1557536.5050309186,France
47.2313,39.7233,3,bbde3412-67b7-4452-91c8-96a046aad68a,1795695.0588911602,Russia
47.2331,9.6,2,da17606e-e68e-4f13-9015-3caa508b7521,1459101.656777656,Austria
47.2431,19.6169,1,3b3293e4-4878-4857-9308-58f6fdc138a3,1562732.8499992494,Hungary
47.2627,11.3945,2,7784b866-bfd6-47fc-a1b7-6a949036f951,1485865.6019666807,Austria
47.2835,0.6999,2,cdd240a4-8a06-4532-9b35-0ca85ae13436,1538766.905123046,France
47.3,15.8333,1,767c5e92-eeeb-4dd1-9efb-4ece0ef7ebd7,1451781.564725475,Austria
47.3517,11.7101,1,fd08c303-d745-43cc-bd6d-c54df9d3d646,1487978.9351567274,Austria
47.3667,8.55,69,63d919e0-380f-41ab-a117-987a30129974,1439848.9576378984,Switzerland
47.3925,8.0442,5,00081ded-f4b2-4ba9-a65b-1f463d01fdec,1436085.632034312,Switzerland
47.3927,-122.0464,9,e1bf1ef8-84c5-4443-bb44-899e0c9903de,2593713.5789092295,United States
47.3929,13.687,1,6729fec7-ebdd-4b28-bd03-3971b0b57806,1509936.0678087147,Austria
47.4116,9.0402,4,0ca18560-1aeb-4414-8f89-d4dcd3a5ec2d,1442625.6835184114,Switzerland
47.4143,9.7419,1,0b67020b-7bc0-4f8c-bd77-9905e874426d,1456285.333447,Austria
47.447,-121.7686,1,f21b5aeb-d720-465f-a319-75ebd68fd677,2585734.727239494,United States
47.4733,8.3059,3,a738e919-02fa-4877-9df0-c058a0c41bd0,1435847.8457790453,Switzerland
47.4984,19.0404,10,084c2c47-6be6-456c-a88a-a1d86d500e3a,1544772.401820554,Hungary
47.5056,8.7241,6,56cef267-5d68-4d45-b99c-a256509bd0ea,1438025.3320171735,Switzerland
47.5233,12.4232,1,1623c54b-8fa9-49cf-bd7e-32df442dac93,1494381.4613553185,Austria
47.5584,7.5733,3,de4d22c1-1f65-454c-becf-608134cf2592,1430145.7175379666,Switzerland
47.5667,14.2333,1,ea165b11-b9fb-4a18-a056-8eebb69871eb,1492977.3219860776,Austria
47.6062,-122.3321,35,075ffe3a-f5d8-4051-a029-80cfa7f57782,2607197.926427065,United States
47.6445,-122.6949,1,f3d2316b-d20d-4012-9cb3-0394122d3915,2616616.460975442,United States
47.6569,-2.762,1,9bfd57f8-2917-47f5-998f-527c2ff27d75,1560408.8545047562,France
47.6597,-117.4291,2,2f9ed683-748f-4acf-ace9-1f13a3fd42e4,2457646.237271729,United States
47.6704,6.842,2,70c7367f-81a4-4816-a5bd-6afe5bc1af12,1425301.252007709,France
47.6749,15.9389,1,0af41744-740a-4c77-9f5a-cbe0d11482c8,1446327.0709803707,Austria
47.6759,-117.1182,1,339c6bcb-45f7-4e35-a0ae-c965be40ac24,2458037.8834917354,United States
47.6973,8.6349,2,104c25f7-3b53-47a1-a84c-063d9d8ae2c4,1440611.5309035087,Switzerland
47.7248,-116.789,1,f4bf0ed7-974f-438d-9a12-bf85ca99b47e,2441665.1571246795,United States
47.7362,11.8594,2,610f601b-588d-47ed-a934-ccd420a07b4e,1481700.395945128,Germany
47.7667,11.1667,5,9ff94f14-8705-4172-bf0a-6e15855d4850,1471918.1516064915,Germany
47.7918,-122.2243,7,7143e08b-a2d0-4346-b5ff-0bce60220404,2602271.4504307983,United States
47.7994,13.044,2,26d581e9-de90-45a1-b8b2-472dae4371a1,1498360.1311669801,Austria
47.8171,6.365,1,ef9b80bd-c14f-414c-ba4f-852aff1b70de,1421368.6172265443,France
47.8578,11.4805,2,475b79b4-c8f4-4da5-81de-773ff9bcfafc,1474106.5254596383,Germany
47.8747,7.6572,6,3d5b7cc8-f24f-4213-a23c-f25411035ad1,1424142.2592559673,Germany
47.8983,16.2483,4,370e2f57-de18-4277-857e-9b454ee299e9,1455807.9711538912,Austria
47.9029,1.9039,1,ca892197-35aa-4a21-a9a7-5dc1439eb186,1518850.4695490685,France
47.9253,-97.0328,1,ee5f0603-8307-4d3f-be40-883ea3d48e68,2119736.327781534,United States
47.9554,21.7167,1,4355f8b0-884a-40e9-ad4a-f9176216ac29,1621757.507150662,Hungary
48.0383,14.2077,1,89923db4-6ac9-4764-9419-5968bf7a3e59,1491035.836334432,Austria
48.0464,12.8294,1,a8ee98ae-608c-4519-a9d7-a533492d73a8,1490239.3562659326,Austria
48.0623,8.4936,1,e02bdc10-1d98-4664-9c27-836de6957e23,1432564.7553781113,Germany
48.0828,16.3138,54,3b5949df-c080-495e-b620-ba5b8debe1b8,1453918.2211785768,Austria
48.0934,9.7905,1,b310b36e-73b8-4f1d-91cd-80a5f3ab5b24,1442854.8651121918,Germany
48.1088,11.7265,25,255cb1a5-f752-49bd-a8e4-3a616d550183,1472695.5819307594,Germany
48.112,-1.6743,5,adbcc83b-6efa-41e7-8387-e3409d1e3d0e,1540994.5005563614,France
48.1128,-98.8651,2,3ef35d9a-9b7a-45c5-99f3-0d74e166b34d,2144431.355614398,United States
48.1463,16.945,4,234cebf4-b713-4cd9-87f8-a3a5f847e052,1473126.2121712123,Austria
48.2474,13.9784,1,ba18b078-1e1e-4c52-8348-060b694398b2,1498444.630761466,Austria
48.2563,13.0434,1,2d624b76-62fd-4507-bd69-a1e83e739a69,1490027.3974930877,Austria
48.2751,2.6908,1,9b9e8d2f-dfee-41e8-a605-06720b6ec3e2,1487314.783150452,France
48.306,11.9069,1,4da295ce-3225-4955-b360-bb80469414ae,1471822.7174455477,Germany
48.3606,11.3779,2,f4138cab-2764-4ce3-b5dc-24fa6f2e4455,1463692.354974102,Germany
48.3984,9.9916,2,3e8afcf0-2850-489f-b16f-562b87ccead4,1439565.3765602363,Germany
48.4298,9.255,2,2ef736ad-e7e8-4922-af66-8eda74c7997b,1432058.1531043542,Germany
48.4359,-123.3516,3,fa963602-935c-4c57-93d6-b23d7e8e8248,2642392.411706721,Canada
48.4827,135.0838,1,fc2df25b-afb6-44cc-9ede-fafc120118a0,3498261.107729105,Russia
48.511,14.5045,1,e6e5c474-d456-436c-9075-80c9832d75d7,1503686.262800681,Austria
48.5172,34.6062,1,5b63c0e0-6b11-449a-86ee-3af800738711,1910946.9212747482,Ukraine
48.5839,7.7455,18,cd2ed6d9-51c3-4d6f-8547-4ae16b130168,1419508.3894598167,France
48.6257,9.342,3,effe71fd-73c6-44f1-8ee1-76746b6854d7,1429746.544872,Germany
48.7178,2.4934,8,4fd8e152-d0a0-47ea-a859-1c13888a91dc,1508283.345615835,France
48.7595,-122.4882,2,5a1b2470-8ac2-4fba-80c8-ce218e96fa33,2599718.6977687916,United States
48.7651,11.4237,7,99bf9d11-f123-46cb-812b-38c18aafc7fa,1458185.135078305,Germany
48.7719,2.0189,53,714cf6ee-c170-4f49-ad91-469f9ceaa6b4,1509416.8822468861,France
48.7823,9.177,8,50ca3e8b-d1ed-4714-9e8f-596e55c7c0d3,1426055.4804449673,Germany
48.8156,7.7905,1,dcc24f52-51cd-4baa-9f15-d9b14c117e78,1416337.111731135,France
48.8439,10.8583,1,ff2b9436-65b4-4181-99d0-e537af7bb733,1449897.1222174447,Germany
48.8555,16.0488,1,2264e637-222f-4652-a22a-bba3ee137fc4,1437465.0122511392,Czechia
48.9411,2.8602,1,2327ffc8-38ec-4986-b7bd-2a7f5206e93f,1482458.7885361789,France
48.9881,2.3016,3,1c12e1a6-9f5f-4067-8894-0a6c718506d9,1511772.5771412954,France
49.0094,8.4044,2,e0a39a27-868b-4ee2-9e9a-b49fc569e931,1417266.9200927115,Germany
49.058,-122.2526,2,1604a65f-3f90-4089-bbd8-f9bf68efb55c,2591054.4803784085,Canada
49.1063,-122.8251,3,56b207de-21a8-4fa2-bb78-330db4330686,2597380.7741160584,Canada
49.1166,10.7597,1,d5ec663a-57bc-4c1a-a3f8-211bfc98e29c,1445232.1749496781,Germany
49.1344,10.0719,1,46ec84a2-587d-4a0f-bed2-a00679bf737f,1437333.8821238398,Germany
49.1357,20.4335,1,e03fed46-84a4-40de-ab2b-451f8841c8c8,1573313.0867332085,Slovakia
49.1465,1.3962,2,ee8a4efa-8314-4b07-a3e9-4d78612f3d65,1513952.9914591063,France
49.1531,-125.9074,1,111e1d7a-b6ad-4d6d-abaf-25529da065f5,2638489.917878617,Canada
49.17,-123.1368,17,0b631cf8-0e8f-4fc3-85df-5f9fa8ad5083,2596942.3478148603,Canada
49.1952,16.608,2,bd15bdff-56b9-477a-8958-f140bb975c26,1466950.4411268716,Czechia
49.1982,2.2091,1,19d02d1b-0ac0-4656-86b4-d449a5750448,1509159.3368451733,France
49.2012,8.6418,1,18ffeee5-d976-4d20-ba58-6c59b4ee54db,1416564.898167156,Germany
49.2072,2.5866,2,a0a2bafe-8384-4517-aeeb-35b845ce2127,1507571.3819010325,France
49.2653,4.0285,1,6d80c8d1-507e-4102-94ba-25d37c306861,1398568.456937561,France
49.2846,-122.7822,1,0cd30c55-3482-40fa-a737-7274b60ace44,2594833.215739186,Canada
49.2952,9.616,1,a7ad2954-ce2e-429e-b611-52aa4f50073b,1423661.8599167217,Germany
49.3667,-123.1665,3,05a57f93-e5fa-4ef3-a4fa-dc6c15a431db,2596163.5343393465,Canada
49.383,-121.4414,1,df03c93f-a64b-4198-9ff6-c30d2e859aec,2551961.1247396916,Canada
49.4075,11.1649,66,62ae0705-6c88-4b40-a248-784b88ea43a6,1447110.6823784276,Germany
49.4671,5.932,1,ed99b153-601c-4c26-ae37-27744b5fef2d,1402349.2480862294,France
49.4719,17.1118,1,a45d2ae9-2c54-4d94-ac37-474d2cd085bd,1481660.6455213844,Czechia
49.4812,8.4464,2,41f4eb3e-8502-43ad-9b90-8eb36ece0783,1412231.0915719424,Germany
49.4946,10.7923,8,b997b690-0b28-4d2a-9522-ce84cd7f429c,1441604.4082831114,Germany
49.5453,0.9552,1,828b9953-cc78-4331-8949-6a0edda5cab8,1511342.0557382202,France
49.5892,34.5537,1,0a243084-d316-4bdb-b3de-0bcb09c85169,1909302.0147545047,Ukraine
49.6117,6.13,3,c1821ec0-b3ce-4568-be03-9902bdb70549,1401118.539929698,Luxembourg
49.612,11.1297,1,6f6101bc-df38-42cc-962f-47f4c382d1bf,1444746.1309097756,Germany
49.6992,-123.1563,1,469be133-a8ec-4b9b-a4f1-257b80dcafcf,2601587.829038521,Canada
49.7397,10.1507,2,01c6dda4-025e-4440-9e95-4e533c3b8472,1424957.0809884735,Germany
49.7475,13.3776,1,238c38f9-9822-4913-a28a-92f847f8fa5e,1484598.7826959135,Czechia
49.8347,18.282,1,ecd69ebd-bc3a-4e5d-80b6-2ffca8468214,1502423.204787993,Czechia
49.8717,8.6503,1,8894f851-aaba-4d31-95f5-9c295d8151d3,1410302.9347743809,Germany
49.8844,-97.147,1,082e645d-a3a5-4f5e-a4bc-43ecca5fac67,2100737.9524248233,Canada
49.8987,10.9007,3,becc5020-27e0-40fb-a958-4be44715948d,1439659.3958160419,Germany
49.9387,17.9026,1,abe9ed9d-c167-476c-bba1-d24eba29941f,1493598.7285667358,Czechia
49.9478,11.5789,1,3a7c2d7f-820a-4235-814e-50a4a3fbae39,1448174.866603096,Germany
49.9842,8.2791,213,6e6b468a-049e-4078-8a93-265db3d4965a,1406913.3035967252,Germany
50.0614,19.9366,3,cd82a785-e8b8-47b4-8cec-13d82015724e,1551807.571345195,Poland
50.0866,14.4799,22,19f19c3b-4ead-445e-baad-48fd1c0859a7,1486210.980693,Czechia
50.0888,9.0646,2,3bd97ec7-71b4-4f7b-9cb4-1059cb99a90e,1412142.7889467296,Germany
50.2014,3.8384,1,3f4db5cb-a16c-4315-9051-a7fe70b9b3fa,1444598.083385772,France
50.2584,19.0275,2,a6fb0c69-fc4b-4266-9ad1-cd0b6351766d,1514865.8989052423,Poland
50.2815,6.1272,2,901f4300-2390-4d6e-a4ee-4367ab980d09,1395501.1776909293,Belgium
50.2944,11.4629,1,0cb9076c-d98f-4f7b-89b2-0449ab4796a9,1444632.149606602,Germany
50.3715,-4.143,1,677c3983-0585-4e7d-866b-626c0b5bd49a,1544313.015742659,United Kingdom
50.4001,-105.5345,1,74ee408e-ed82-45ac-9503-33a4e1ecfd63,2153972.0171442237,Canada
50.4518,19.5199,1,bd76d209-f4e5-4c8c-88a7-afeb9c24d107,1531787.247442901,Poland
50.4547,30.5238,12,474f27d6-c785-4e3d-8cd1-e689aee35d99,1630078.24330216,Ukraine
50.4779,12.3713,258,90acaa75-787e-42c7-a0c8-217fd00fef2e,1464135.1171253356,Germany
50.5031,4.2359,2,67637f48-1fbf-434a-8c86-79c2bf823b09,1407392.600255512,Belgium
50.5677,3.4492,1,6f6354b4-b996-4113-99be-da21118d0003,1470693.9969672791,Belgium
50.6167,3.1666,87,923b5039-9e9b-4899-b8eb-abf5e130b599,1498948.9567656366,France
50.6167,7.35,1,b24ca851-fc3c-44ac-b817-56d7248dafa2,1398171.9216021262,Germany
50.6564,10.6605,8,ca37b9b7-6320-421c-889e-21f0a51ab928,1433247.5357484557,Germany
50.7143,-1.9846,1,4a933b9d-284e-42f2-b227-3dd8ff4f7f05,1517122.2650562339,United Kingdom
50.7181,6.0111,1,54c6bd76-0fc0-4e25-8762-673b81e5a8d1,1393001.9833749288,Belgium
50.7338,4.2345,20,a9e9da8c-3c01-4a49-b282-348f07abf749,1413154.3563840222,Belgium
50.7344,7.0955,14,ee8ee1c6-846e-4934-adce-ed23f2877b63,1396549.6441894623,Germany
50.799,-1.0913,2,c6db4108-3898-49d8-b3bf-add6ac7f9c86,1514631.224718036,United Kingdom
50.8043,6.493,1,fd86a6f6-1361-421c-bb53-7f499e331f7c,1393994.8733438717,Germany
50.8114,-0.5408,2,fc1dba5b-514b-4aa1-b524-1c57b01d4bbd,1509922.7596591522,United Kingdom
50.8284,-0.1395,1,c0459fc6-61d9-4255-b891-fa50768377ca,1513524.1973097792,United Kingdom
50.872,9.7089,2,27d8e1f9-f2c8-44f8-9228-cf4213c93da7,1422379.485548624,Germany
50.9177,6.1234,2,4d468f8c-905c-4e8b-b35b-0e7313fbb069,1392652.565487067,Germany
50.936,4.0355,1,a5857416-6bc4-4e75-9689-99ea74cad652,1440276.5748543935,Belgium
50.9519,1.8563,4,00414684-6b5b-4639-99d5-50b2f9858733,1501736.8635963819,France
50.965,5.5008,1,dd5325e9-3def-4ca1-b2d7-21e2e541cbf0,1391491.389658404,Belgium
50.9787,11.0328,4,066e49d6-d555-4594-a637-5b2d443a3148,1437216.0187960556,Germany
51.0495,5.2261,2,55e6540b-d052-495a-9ad0-a798c87384c1,1391134.1379720564,Belgium
51.0501,-114.0853,7,ed9e70a3-629d-4e7a-8806-089759d53ea4,2296488.243351014,Canada
51.0509,13.7383,4,c0fa6f4a-9970-4cac-9de8-6ba5b19065f7,1484270.1701554444,Germany
51.0604,4.3602,7,d55d56c8-e820-48c8-80e8-1885c49452bb,1418945.537891163,Belgium
51.0651,-1.3187,1,558bec20-aa82-42a3-b644-6de448760d2c,1515091.6477127443,United Kingdom
51.0834,-115.3521,1,3176d50c-79bf-49ea-8ce4-13b6c9072bf9,2323988.7623554976,Canada
51.1,17.0333,2,d7699052-a2a1-4e09-9690-30ab5e63c012,1462435.710958694,Poland
51.1196,9.1248,1,6c79f887-59ce-46db-8284-0567a081dbb9,1416693.364156127,Germany
51.1284,-3.0036,1,85b85d2c-d9dd-47a0-804b-9a2cdcdec699,1525475.8993047993,United Kingdom
51.1332,0.2626,1,84ac5430-2612-45da-9d31-b94d260bba85,1509182.3866350958,United Kingdom
51.1801,71.446,1,8ca8b700-a8ac-4477-863f-bed9802089b1,2764258.614557442,Kazakhstan
51.1938,7.0133,40,1653b142-3e7f-4377-8d7d-0e71e77c988e,1395464.8560490785,Germany
51.1942,5.9875,1,1a961f72-5a25-442d-a50f-8d0222ea5d52,1391996.6783867078,Netherlands
51.2006,12.3862,11,2f82d610-e5fd-42de-85de-9e8bc434eccb,1462871.2498748435,Germany
51.2089,3.2242,1,8887d73e-c11c-491a-a8ba-47042befb2cb,1496655.364922621,Belgium
51.2354,-0.5743,1,dfa9e253-5e26-4e79-89ce-4e63267bea68,1514660.6783976196,United Kingdom
51.25,22.5667,1,1a7c98e7-509c-4182-b1f7-d1ad6e166221,1619004.172829459,Poland
51.2667,0.5167,1,fac56ebc-cc2a-4071-ae5b-54cd62d160a5,1507166.8255831222,United Kingdom
51.3368,-0.112,123,017d2e51-eaaa-4975-877b-25f18ebaf7dc,1510945.9991097392,United Kingdom
51.3505,-1.1285,4,8a05299e-dff0-4ffc-9236-63adb19de5e7,1518835.3724238456,United Kingdom
51.37,6.1681,1,f54b68cd-62f9-4937-a356-f9c3840226b3,1392514.4969124726,Netherlands
51.4108,-0.6748,2,b5d08891-2264-4027-8299-4d3e5ff41183,1514878.0994794886,United Kingdom
51.4322,6.8797,6,49869bd4-a6b0-4332-a360-f7a065bb97ac,1395073.6192717922,Germany
51.4416,0.1487,22,792df1c6-4185-460c-b82f-a6ebe0828ad1,1508958.382897589,United Kingdom
51.4552,-2.5966,2,079389b0-739b-48aa-a22a-9bb6f1442fa4,1526230.5750684948,United Kingdom
51.4817,7.2165,3,749f062a-8828-442c-b1b0-f00f59d793f1,1403741.7164010569,Germany
51.5308,4.4653,4,4149eeba-8f5a-499d-b61f-5b9a6f8028e9,1432532.4979856473,Netherlands
51.5344,9.9323,1,70ba43ce-1e3a-4cc0-b5c3-4b27b19d9c33,1424846.623746044,Germany
51.5378,0.7143,2,f50efa59-ec99-4e95-aad0-b8d91ea139b0,1505548.400313317,United Kingdom
51.5406,46.0086,1,26916ae7-bf9d-4915-a7a9-8f43433e112a,1910368.0988882058,Russia
51.5555,5.0913,3,4eac6afa-1290-4392-85fa-aeed6c0e8610,1391190.9943144163,Netherlands
51.5877,-2.9983,1,3e95867c-221f-4a12-9f12-77b4519523c9,1530218.6699206608,United Kingdom
51.6253,-4.0346,1,aecd3cd5-fed4-4f61-b616-afdda1422619,1535680.1291727647,United Kingdom
51.6417,5.3528,2,f64b6e38-54dd-498a-bd7e-1fc858995e47,1391556.4276255951,Netherlands
51.655,17.8069,1,c166cb48-44cb-4466-a68a-5f6a4ed57c00,1491545.9187778926,Poland
51.672,39.1843,1,a6fe77c0-33c0-491b-a99d-3b9177d2a82e,1932428.683876238,Russia
51.6803,7.8209,1,1150b776-a9f0-46b5-99c7-5e09a5ac274e,1407688.972021139,Germany
51.7265,10.6109,1,b446200c-dd13-459a-93b6-2c9523e36f23,1432847.8140750646,Germany
51.7392,-3.5103,1,302a9ef7-f7f2-4d5f-82f6-40a98af5b11c,1535699.3774142505,United Kingdom
51.7522,-1.256,1,be726a22-27a9-4eb8-b414-f72b12e0f5e5,1519177.9313889062,United Kingdom
51.7706,19.4739,1,2f2e4966-4548-48b4-b757-a4bcce7a8748,1525370.0463582166,Poland
51.8017,-0.2069,1,ead648df-c63f-4da7-baf6-e3a17b65465d,1511003.0333951246,United Kingdom
51.8208,4.7764,10,a11cff6a-e496-48bf-a517-e624de9deee8,1398820.42584824,Netherlands
51.8425,5.8528,4,8549714d-e7f5-4610-8183-5a15d4738a23,1393017.2871838002,Netherlands
51.8657,-2.2431,1,11d6d48d-2a8e-4395-827b-a6e3a0953881,1528413.7070415993,United Kingdom
51.8782,0.5529,1,7987e64a-adcd-4af2-87d4-707942717c59,1506491.441584935,United Kingdom
51.8857,-0.5229,1,bc1d4bed-b9b2-4041-8d9d-b0e84fdcb6b6,1513267.8945873738,United Kingdom
51.8892,0.9042,1,2f20c964-ca31-4fda-9e34-9793ae2f327a,1504731.3423220755,United Kingdom
51.898,-8.4706,2,f325497e-90e0-4141-80ae-b1013d22897a,1581031.5945279624,Ireland
51.9069,8.3785,2,b1d9dc66-1482-411f-aed0-2469b619ade5,1412316.3254459396,Germany
51.9385,8.8732,1,76660e5e-d588-4793-a742-3b0ce6de67cf,1416289.7398338118,Germany
51.9878,-0.1883,1,fe2476ef-1603-4d34-9342-7acbd806d532,1511075.9786361281,United Kingdom
51.9942,4.2097,15,5628d444-0274-41b7-994b-a956b09f94c6,1454725.3380083714,Netherlands
52.0417,-0.7558,3,d4d14c2e-0025-4637-875b-b48187f4dda8,1515207.908297015,United Kingdom
52.0592,1.1555,1,174aad0f-fcad-4f3d-a23b-200ae5562cae,1504006.525787204,United Kingdom
52.0881,-7.6253,1,4d995a84-ee9f-4de9-921b-f6874f9d9f51,1575020.1050583336,Ireland
52.0908,5.1222,110,d448e620-57b8-4f1d-a39f-b6baef2f33c1,1393294.4622565857,Netherlands
52.1383,6.2014,6,61514a82-426e-4509-98b5-d4be52219f3a,1402333.4829400666,Netherlands
52.2,0.1167,2,4083c8e6-83eb-4f85-9823-70c41073dd1f,1509750.1397958128,United Kingdom
52.2284,21.0522,51,f1f7aaf7-1070-49dc-910f-ec265ac9d4ed,1551060.891960487,Poland
52.234,4.4447,1,6835cc2c-09d5-4dbf-a170-c83eb5fe0421,1448930.0159196132,Netherlands
52.2475,15.5335,1,e9669e9d-076d-44b0-88e2-d87b86abc0d8,1435620.0816973518,Poland
52.2604,10.3649,2,5c237d16-a0c3-45a8-8b3c-dea91460074e,1432380.9611946691,Germany
52.2606,9.0494,1,6e54f08f-d439-4657-b1bf-0a0f9b892cc0,1419509.7340676382,Germany
52.2978,104.2964,1,fed5c262-448b-4c42-87f1-7d6ed10bc2d6,3341840.2563771126,Russia
52.3065,-1.9457,8,f90d5589-eb53-4c8b-acae-5ddfa60b2565,1525898.9125106747,United Kingdom
52.3342,-6.4575,1,ab9320ec-7b84-4036-a0d8-1c3a2362563a,1565457.2776345639,Ireland
52.3705,9.7332,5,15b411e3-591d-4875-afc4-004e1a5d79f4,1426476.5303314377,Germany
52.3989,13.0657,2,ca000eb5-3a50-4e28-be08-a0aac23172fc,1461434.7655097083,Germany
52.4069,16.9299,4,3c3aeee2-7b1f-4968-9ff3-6e9fadcba1c9,1453638.8592377438,Poland
52.4245,10.7815,1,eb5446d6-53f6-4d8a-a296-c857871ab968,1438147.304240649,Germany
52.4261,-0.1491,2,c61f52bb-ccde-49ac-8e13-9eda28553fa4,1512254.796021046,United Kingdom
52.5083,5.475,2,48b3b288-dca3-4eaf-871e-ea757f0a4bb4,1403414.595598873,Netherlands
52.5111,4.6716,4,4c2b8667-e805-4b7a-93e1-2d2c73ea6039,1450837.3058388054,Netherlands
52.5125,6.0944,2,8996be35-8ac9-4091-a30b-a18d7a44b198,1404707.6671612381,Netherlands
52.5244,13.4105,53,a3c6eb82-c9d0-42c2-8536-b2bebca35b40,1467325.5017405374,Germany
52.6031,39.5708,1,639b30f1-e026-43a7-a782-d517a0875d9f,2062021.7446967873,Russia
52.6386,-1.1317,2,1c0b0394-9e62-4cd7-8612-4d1adf4640c2,1520071.251312226,United Kingdom
52.6667,-0.7333,1,83331e06-a584-484d-a859-819d53d717e9,1517296.6694357013,United Kingdom
52.7033,5.2917,3,3128af0f-78b3-4eea-a38c-4ff4cb4c61e4,1404940.3754344159,Netherlands
52.7317,41.4433,1,0374228c-1a10-4e82-88ee-dc9b1fa1d492,1875482.233879365,Russia
52.74,6.0792,1,2927fb1f-2ae9-4433-b654-b85a0269417e,1406706.4343727175,Netherlands
52.7483,6.9681,1,11cd3834-1f20-45eb-acb2-cb084aeed309,1409935.262024456,Netherlands
52.8986,-1.2714,2,069d544f-9199-4304-b95b-516dc57a60f0,1522575.014631668,United Kingdom
52.9233,6.7931,1,9ae7cc39-8d1c-4798-93b5-c02505cec529,1410929.5805243053,Netherlands
53.0758,8.8072,1,fc282899-193f-48af-93dd-8504a8815120,1424393.13025189,Germany
53.0977,-1.3838,2,90663cf2-bc07-4dab-93c9-d95826ce77db,1524756.075224976,United Kingdom
53.0979,-2.4416,1,b788ae63-2ecd-4717-9cff-86fd4af17f93,1533809.1244782414,United Kingdom
53.2001,50.15,3,39358ba9-7848-461e-89a5-21580c9be8c2,2011783.6029390905,Russia
53.2144,63.6246,1,3e32de3d-f6c3-43fb-9d55-0877dc5cf9b7,2553082.8434248855,Kazakhstan
53.2192,6.5667,24,184e8eea-4cc9-466c-982d-6ba3b121fbc6,1413415.8530219235,Netherlands
53.3215,-6.3144,67,465f1374-9466-4d8e-8fa6-43e0f33deea0,1571679.5309003675,Ireland
53.383,-1.4659,2,a6f2573a-536b-4836-9c76-b89f2c9594e5,1527605.2614924607,United Kingdom
53.3923,-2.6399,5,fa8d8416-3a78-4604-999c-f366cd455af5,1537613.23672863,United Kingdom
53.4,-2.3333,4,ab640c5d-658d-444f-91c0-28758146597f,1534845.1154929108,United Kingdom
53.5361,8.593,1,b2d2278d-bc7e-4f96-976d-fc09669bc062,1428081.6992309543,Germany
53.5501,-113.4687,4,a13d6ec1-8ed1-4079-8956-2e841d6176ce,2273667.8874290287,Canada
53.5507,9.993,21,792a9e88-dfb6-4b3a-a780-eb0690c2612e,1432881.53268146,Germany
53.5833,-2.1833,5,ac0a5216-f10e-4913-af1b-88a59efe95fd,1535049.2101261707,United Kingdom
53.649,-1.7842,4,245743d4-0cf0-4eef-85f7-d118fd3e02d5,1532424.7550441308,United Kingdom
53.6752,10.2259,1,9adb9662-ea6e-4d2f-9a0f-d566332a817c,1436658.4583314485,Germany
53.6942,88.0603,1,b867865c-a288-4acf-ab4e-01d6d96046e9,3017663.783454038,Russia
53.75,-2.4833,3,40e3a006-3d11-4405-b0bd-53a097a1ec72,1539171.8185229702,United Kingdom
53.754,9.6534,1,0996d44d-3b94-4b28-9acd-816eebe2be95,1432247.0777560172,Germany
53.7557,87.1099,1,5cfec141-22a5-4b05-a215-4dbb6506ddbc,2996954.087799414,Russia
53.8689,10.6873,1,14631f0c-95be-4336-9e3f-5a6f919611e4,1443875.4203580793,Germany
53.8775,-3.0399,2,2380482e-4f49-4905-9acd-570335b20f46,1545468.3892034972,United Kingdom
53.9,27.5667,1,45b4dd3d-43a0-4d6b-8341-d31c5c7ddce4,1526232.1586310798,Belarus
53.921,9.5153,9,2b83bab5-6136-4157-a178-417d429c2f56,1433278.7896520095,Germany
54.3213,10.1349,1,224dae42-58dc-4fd3-af93-58c890e2aed1,1444552.2608612613,Germany
54.5189,18.5319,1,81e48e5d-ecc3-43d0-94ea-d1b7e16eb661,1524971.6188722467,Poland
54.6269,39.6916,1,bfe06040-308c-4e85-aade-80ff52d3cb30,2072073.8380860307,Russia
54.6892,25.2798,11,eaa293e9-dea8-45f4-8d06-576d5100f09c,1645083.028536003,Lithuania
54.7247,37.1722,1,2562b92b-f3dd-4502-afc3-b82d29f58e56,1983718.6637159975,Russia
54.7603,-1.3365,2,8e80aec0-8c21-40fd-8841-b4f98a78b003,1529496.2136553554,United Kingdom
55.0443,9.4174,1,ccb52a26-f4f0-41f6-9f04-a011feb8d8a7,1450086.2937619984,Denmark
55.045,60.1083,1,5583c45a-0f29-4865-b12b-96e4e92721d0,2393072.7669898677,Russia
55.1271,-1.5086,1,200a0a19-0fc8-47e2-a68b-1580305293f7,1529490.0090780756,United Kingdom
55.4242,37.5547,2,e859c6f8-745a-4d84-9ffc-fca1d331bcde,1997243.072344258,Russia
55.6366,51.8245,1,8f011d75-3d05-4068-8859-334dd93c3bfb,2043901.757930315,Russia
55.6698,37.2772,3,00e30f9e-77d1-4ffb-8270-9c3e09bd5286,1990704.4159923035,Russia
55.6759,12.5655,13,24280ce7-eabc-4423-b8dd-7c3f356b86f1,1506327.4967354003,Denmark
55.7319,24.3598,1,2189fcba-7f4c-4f2c-8dbd-9e22eb23e52f,1609654.65698316,Lithuania
55.7522,37.6156,24,af0e2685-f14b-4677-bc2e-1782881d5ab5,2005579.345614883,Russia
55.7887,49.1221,2,ffa7e97a-1454-4ec2-a696-2fb7cae837b9,1959877.1734255063,Russia
55.7948,37.9479,4,875ebaf5-e037-4afc-9933-39b47b85bec6,2012648.486049985,Russia
55.8666,48.3593,1,d58a935e-afc5-41bc-b438-419d81874fc4,1935115.9000624702,Russia
55.9333,23.3167,3,fcfa55a6-7875-4f67-b081-45c74c720b17,1627382.1590959898,Lithuania
55.9521,-3.1965,2,5c61aa54-4ca2-4b7a-8bcc-f39fced03643,1554377.7328648737,United Kingdom
56.0032,22.9366,1,f7657f60-c317-462c-bb1b-9fd62a9e7e2a,1620554.6823307867,Lithuania
56.0184,92.8672,1,f4433271-47ee-4c8d-9205-644540a3e057,3056428.2056730203,Russia
56.0271,37.4679,1,224451ea-e673-4c99-a7b0-036b198f7dea,2002059.7070472904,Russia
56.1325,101.6142,1,2acbe1de-b7c3-44a0-a69b-a63e43f40436,3179545.8465200746,Russia
56.1567,10.2108,1,6be38277-46f6-432e-b64b-66c7e622cbe3,1483914.4687069706,Denmark
56.1591,13.7664,1,c0aad7c6-3c90-4ca9-9604-b3410baa012e,1543691.7885399377,Sweden
56.312,38.1387,1,8fe15045-184f-42ac-aaca-3731dde073d5,2023916.838168569,Russia
56.3282,10.0493,1,18dc6d17-55f5-4baf-87bb-f3ee318f5e7b,1492860.7103869265,Denmark
56.8519,60.6122,5,ad52686e-b51c-425a-a89b-216bb368232e,2382278.845174868,Russia
56.9053,59.9436,1,a01125d9-ae15-4393-8d80-cd03d3b416e8,2358883.157242943,Russia
56.9419,23.9137,5,8ed7fd13-df10-4c77-9da7-fd5050645394,1656100.633978358,Latvia
57.048,9.9187,1,125db42d-5070-4043-bdb1-9a78928e1a51,1520558.493074765,Denmark
57.1522,65.5272,1,a4d3bdbf-aa3f-4ee0-9a5c-e0c3e8c8fb12,2517761.364240505,Russia
57.6299,39.8737,1,af73f7b1-1166-4b47-91e6-491998ab506c,2099800.7417126424,Russia
57.7072,11.9668,1,24c5d50b-14e2-4016-a7ba-2156bd978cb5,1553073.0952753583,Sweden
58.0105,56.2502,1,d66e14eb-0e12-48ed-a7d9-8b99f872309c,2213158.71029312,Russia
58.1467,7.9956,1,6f4bc6dd-3168-43c6-b1b7-e7f86e9b13ce,1560642.8385540836,Norway
58.7354,5.6477,2,9f5599cb-efb2-406d-a905-adfe10c7d209,1586071.2866580803,Norway
58.9701,5.7333,2,fb28770b-f939-4a05-9b3b-5324b36bff31,1592234.2855748443,Norway
59.1323,12.9289,1,51ebf403-8684-4748-9e90-fd686c39c3e4,1588560.5920232434,Sweden
59.2096,9.609,1,c95a2feb-1b04-4ce7-a4a2-bb7b6df13846,1569672.3991472723,Norway
59.2835,5.3067,1,9ea4d814-ec6d-4ba1-8eea-a3ddeebf49e8,1599299.2664422402,Norway
59.3294,18.0687,17,96a85e1e-ff2a-4889-b249-2d252d54c317,1577885.2436315306,Sweden
59.437,24.7535,3,39eb9b31-993f-4267-9479-3539b51f1ebb,1676206.090035752,Estonia
59.4794,18.2997,1,e9089b14-3aa2-4629-885e-554b6741d19a,1584224.0208083068,Sweden
59.7439,10.2045,1,74a7c0f6-db22-45c2-abe1-edabd4560cf5,1587698.1260341778,Norway
59.8588,17.6389,1,66020679-72dc-4c9f-a903-c0a5ef8a7ffe,1590973.386001941,Sweden
59.9127,10.7461,9,56f8e34c-7dbd-4948-848c-c891f6d1a386,1589370.6643660667,Norway
59.9386,30.3141,5,fe4b2733-83fe-4104-9633-56a53aa6d40d,1700605.0963682504,Russia
60.0151,30.6731,1,82dbfda3-f311-407c-bb8b-532ea8da7568,1722387.3780432842,Russia
60.1224,11.4701,1,f967e38c-dc83-4d27-98f0-a6a6bf34ae01,1593884.5697794084,Norway
60.1695,24.9354,255,d82d912f-2b40-4819-aa6b-2945b1484aba,1698838.7187342986,Finland
60.3833,23.1333,1,388a4635-bad3-4502-a2f3-9542a8104a07,1680959.9839370288,Finland
60.393,5.3242,1,dab100c3-0ea4-4ec3-99d6-93ad322e5f33,1629462.9592260204,Norway
60.4858,15.4371,1,a71b269c-608a-427b-b441-623885bc8bdf,1593982.4586289246,Sweden
61.0587,28.1887,1,b8abf52d-3da1-4d3f-a954-4b25c2015544,1775047.597333642,Finland
61.2181,-149.9003,1,c9ac72e2-8616-49c1-ae1f-a908a78f8393,3141056.2540088617,United States
61.4991,23.7871,1,9eaf07f4-980d-46b0-8658-2fee3bd2dfe4,1720929.3073714115,Finland
61.8699,28.88,1,acb18979-2f7d-4b88-acea-821ecef7fed1,1800625.5004095912,Finland
62.4541,-114.3725,1,30f16321-0751-41e9-b7d5-69bce1cb764e,2271405.9948679814,Canada
63.4305,10.3951,3,611d3ef9-2c0c-4b31-aa76-922bcb47589c,1749687.9199607132,Norway
64.1355,-21.8954,2,e28dc74a-97ea-4a16-a603-5f121b652de6,1825528.9814163065,Iceland
65.5841,22.1547,1,6d9bfee0-3d4d-43c3-a978-7dd154a7026b,1774826.582653178,Sweden
67.1339,20.6528,1,76715d84-30e2-4f2a-bd4e-c91d3e8d8df6,1824642.3118068548,Sweden
