latitude,longitude,stake_weight,uuid,GDI,country,0.9linear_weight,0.8linear_weight,0.7linear_weight,0.6linear_weight,0.5linear_weight
-33.9258,18.4232,0.019631030837746557,NodeID-DAtCoXfLT6Y83dgJ7FmQg8eR53hz37J79,0.02440067713713061,South Africa,0.020107995467684964,0.020584960097623367,0.021061924727561774,0.02153888935750018,0.022015853987438584
-33.8678,151.2073,0.03847304697066501,NodeID-5mmVqScHrzTiSa2WVjo99g2yzL83EBS6W,0.02979882459124305,Australia,0.03760562473272282,0.03673820249478062,0.035870780256838423,0.03500335801889623,0.03413593578095403
-33.777,150.8973,1.6609024104112288e-05,NodeID-AUeAjRR7q12Pps6Qckyy1PUzFwP34pFij,0.029795122103843184,Australia,0.0029944603320780187,0.005972311640051926,0.008950162948025836,0.011928014255999741,0.014905865563973648
-23.5475,-46.6361,0.006232755282950438,NodeID-3yiw3g5Rer7repmzoJaATJpkf7GnWD5j9,0.023393198387155586,Brazil,0.007948799593370953,0.009664843903791468,0.011380888214211984,0.013096932524632498,0.014812976835053011
-6.2146,106.8451,0.030817537216628433,NodeID-4CL8XnuYqfVVLxRre5C5A1dpRv3cZN2Zs,0.024232268489700635,Indonesia,0.03015901034393565,0.029500483471242876,0.028841956598550093,0.028183429725857315,0.027524902853164536
1.1494,104.0249,0.0002063936982982633,NodeID-Mss1z2VZYsNSa4LyqD99vXeNd8h3hUMDA,0.022509947903038674,Indonesia,0.002436749118772304,0.004667104539246344,0.006897459959720388,0.009127815380194429,0.011358170800668468
1.2897,103.8501,0.04458355175866162,NodeID-7843EeyboY1mZSmdzjqdJodxHycNn7Kv2,0.022466140645486986,Singapore,0.04237181064734416,0.04016006953602669,0.03794832842470923,0.035736587313391764,0.0335248462020743
10.823,106.6296,6.0813096255651435e-05,NodeID-Gey3HmUZyAXuvawThT1McvEjrofAwrGi6,0.021087007453202574,Vietnam,0.0021634325319503434,0.004266051967645035,0.006368671403339729,0.008471290839034421,0.010573910274729113
19.0728,72.8826,0.014399120081906283,NodeID-6ghBh6yof5ouMCya2n9fHzhpWouiZFVVj,0.014801607573400344,India,0.014439368831055689,0.014479617580205096,0.014519866329354501,0.014560115078503907,0.014600363827653314
22.2783,114.1747,0.011265357353374094,NodeID-QKGoUvqcgormCoMj6yPw9isY7DX9H4mdd,0.02037121616675646,China,0.012175943234712331,0.013086529116050566,0.013997114997388805,0.014907700878727042,0.015818286760065275
25.0772,55.3093,3.766411491352751e-05,NodeID-M9Q4Fc2StCtFCofjppsy6DC7JDGmtRfUA,0.015128322176762597,United Arab Emirates,0.0015467299210984342,0.003055795727283341,0.0045648615334682495,0.006073927339653156,0.007582993145838063
26.0686,50.5039,0.034241708018476036,NodeID-EmRTfxEKTLpzTyWJmYTXVxyGr79bsv4Bp,0.014480068369715276,Bahrain,0.03226554405359996,0.030289380088723884,0.02831321612384781,0.02633705215897173,0.024360888194095657
26.6237,-80.1253,0.0006558562240866494,NodeID-FHGwnPLGdU3FBzbwnhayx1sDjxiiyb9sD,0.011558189505416152,United States,0.0017460895522195994,0.002836322880352549,0.003926556208485501,0.00501678953661845,0.006107022864751401
28.2189,-82.4576,1.4952206794449866e-05,NodeID-PE1w1JuaNXay8NQzvkYuMZ2ZfygP6wQhy,0.011385093308187117,United States,0.0011519663169337162,0.002288980427072983,0.0034259945372122507,0.004563008647351517,0.0057000227574907835
32.8546,-79.9748,1.4589926653377404e-05,NodeID-KhvVVixdSrBD6u9q25YYNbayxBnNsw9h,0.010451567445538998,United States,0.0010582876785419394,0.0021019854304305014,0.003145683182319064,0.004189380934207626,0.005233078686096188
33.749,-84.388,0.0005908950593639473,NodeID-AcVHs6PgeipByAajqn3h7PHDk9cZXDZ2K,0.010575130392230908,United States,0.0015893185926506431,0.002587742125937339,0.0035861656592240357,0.004584589192510732,0.005583012725797427
34.0522,-118.2437,0.0016503811621530562,NodeID-6xjnXHhLrLDafewh5t69uRqtHea75RSGv,0.011776425924186163,United States,0.0026629856383563666,0.003675590114559677,0.004688194590762989,0.005700799066966299,0.00671340354316961
34.6938,135.5011,0.018341108925364467,NodeID-GuWMRuFkQPvPjdnuegSQYDmTMbj3UtPBm,0.020003551020572854,Japan,0.018507353134885305,0.018673597344406143,0.018839841553926984,0.01900608576344782,0.01917232997296866
35.3195,139.1096,3.427594972649451e-05,NodeID-FKGhEFYnHUdFadoR2ePvdTTM5Sz8tgjHp,0.0204919020584404,Japan,0.0020800385605978847,0.004125801171469275,0.006171563782340668,0.008217326393212059,0.010263089004083448
35.3993,139.3102,5.462112914955272e-05,NodeID-3KX9tgCEQcTHbC8W9yY4zY32Cj3ET9MNQ,0.020493007282942243,Japan,0.0020984597445288214,0.00414229835990809,0.0061861369752873605,0.008229975590666629,0.010273814206045898
35.609,139.7302,0.039956962825845564,NodeID-9mtTuxamXQyiePCNyheFEyjr4cAQo4Wbg,0.020491191027715322,Japan,0.03801038564603254,0.03606380846621952,0.03411723128640649,0.03217065410659347,0.030224076926780443
36.7202,-4.4203,0.0003075100796467205,NodeID-8WvUBZyrk6XyF7pvcg3NJZk8jtJGi1W9G,0.006941453334438217,Spain,0.00097090440512587,0.0016342987306050196,0.00229769305608417,0.0029610873815633194,0.0036244817070424686
36.8468,-76.2852,0.0015246685390106383,NodeID-NZEnXQpa55wAhwpcUZFgSAREXW1FLdkzQ,0.009954901569488608,United States,0.002367691842058435,0.003210715145106232,0.00405373844815403,0.004896761751201826,0.005739785054249623
36.9081,30.6956,3.9784803521487334e-05,NodeID-KZiZi4sS44KZjmGtkeF6r1vs2MNN7p2kZ,0.009271551822556722,Turkey,0.0009629615054250106,0.0018861382073285338,0.002809314909232058,0.003732491611135581,0.004655668313039104
37.3394,-121.895,0.004302491286787651,NodeID-8TArWpFgH3sazEH8qP4gUjtGtFMvjw1aR,0.012950566178778088,United States,0.005167298775986695,0.006032106265185739,0.006896913754384783,0.007761721243583826,0.00862652873278287
37.4565,126.7052,0.0323423792107216,NodeID-C9Bcji6rXUp22qyWhvYKm4v45hJAkzvpU,0.017949495796965934,South Korea,0.03090309086934603,0.029463802527970467,0.028024514186594896,0.026585225845219333,0.025145937503843765
37.5483,-121.9886,0.0007664454461700131,NodeID-56PBmfRBSmT2sYsPLiBPKVq2fQUVGEg9g,0.012928923802742858,United States,0.0019826932818272974,0.0031989411174845814,0.004415188953141867,0.005631436788799152,0.006847684624456436
37.566,126.9784,0.00021819622410650086,NodeID-AmFfzQQtUYm1RNuhkQuoG6hzaXpYYbYtE,0.017954676813171627,South Korea,0.001991844283013013,0.0037654923419195253,0.00553914040082604,0.007312788459732551,0.009086436518639064
37.7399,-121.4262,1.628838243297105e-05,NodeID-A49YH2FmGteFpSV46b9WDxZWDEebAnH4q,0.012190742357564788,United States,0.0012337337799461525,0.0024511791774593336,0.0036686245749725168,0.004886069972485699,0.006103515369998879
37.7644,30.5522,0.010843207539184078,NodeID-BjbQ5CSfFif4Xt8VCL9iTf7g3gyfg7NC1,0.009126085364521466,Turkey,0.010671495321717817,0.010499783104251556,0.010328070886785294,0.010156358669319033,0.009984646451852772
38.6273,-90.1979,0.00021211724389403512,NodeID-NTvJb2gZdvYU2kaMUrMbtu79KUMgyJNPW,0.010096366837304785,United States,0.00120054220323511,0.0021889671625761847,0.003177392121917261,0.004165817081258336,0.00515424204059941
38.7135,-78.1594,7.742389406904205e-05,NodeID-3oaegcGaKyncpiWQCzEVd7vN1Vcsue3Wc,0.0097678213762797,United States,0.0010464636422901077,0.0020155033905111734,0.0029845431387322398,0.003953582886953306,0.004922622635174371
38.9687,-77.3411,0.17119477875741707,NodeID-HM1vYJWnjWhJkJi8dErcu4p5UDxwUKbp9,0.009703313614352185,United States,0.15504563224311058,0.1388964857288041,0.1227473392144976,0.10659819270019112,0.09044904618588462
39.0834,-78.2181,2.458011828212727e-05,NodeID-JDYxVGLrUb8SHwuu5jZBXNC9rqYWd29PG,0.009727336266122046,United States,0.0009948557330661189,0.0019651313478501104,0.0029354069626341033,0.003905682577418095,0.004875958192202086
39.6172,-104.9508,1.1556576456235662e-05,NodeID-P2Jp7sd5mv4ZGBqThYfjHkz1EyJUXoMcE,0.010122134669167124,United States,0.0010226143857273242,0.002033672194998413,0.0030447300042695026,0.004055787813540591,0.00506684562281168
39.9612,-82.9988,0.07069619295523592,NodeID-M96ypSznK7ECF4EGd5KfxcxCiboyAZnAQ,0.009412648326254791,United States,0.06456783849233781,0.0584394840294397,0.05231112956654158,0.04618277510364347,0.04005442064074536
39.9784,-86.118,1.1413902672825344e-05,NodeID-93bNuNqHUpmiZiT9bvcm4YdRU6ADQnESy,0.009628861086092368,United States,0.0009731586210147794,0.0019349033393567337,0.0028966480576986886,0.0038583927760406428,0.004820137494382597
40.3101,-75.1299,0.0029130918758583013,NodeID-KK6ifknXca7VGbqB3d5ccUzKta1zJiVM7,0.009488853676905442,United States,0.003570668055963015,0.004228244236067729,0.004885820416172444,0.005543396596277158,0.006200972776381871
40.4165,-3.7026,3.1001543802551814e-05,NodeID-KRhtytNVPjiSeZMJrqqE1vdHTCoMTHCer,0.006288903591527891,Spain,0.0006567917485750856,0.0012825819533476195,0.0019083721581201539,0.0025341623628926876,0.0031599525676652214
40.4993,-74.399,1.1413902672825344e-05,NodeID-AyLHcoNRCCvEBe5zMH2J4xvDVhZqjMB4k,0.00945392466111283,United States,0.0009556649785168256,0.001899916054360826,0.0028441671302048273,0.0037884182060488273,0.004732669281892828
40.7143,-74.006,0.003930244117678199,NodeID-E5zrTRxiesQtX5fmu3uP6uWS6FyTW4ziH,0.009428627886000246,United States,0.004480082494510403,0.005029920871342608,0.005579759248174813,0.006129597625007018,0.006679436001839222
40.7608,-111.8911,6.960158195986158e-05,NodeID-HkpgaE4YB9Z7KmueQ2mz2cZFyfttvo6GP,0.010617037852641275,United States,0.0011243452090280025,0.0021790888360961437,0.0032338324631642863,0.004288576090232427,0.005343319717300568
40.822,-74.4488,7.277313006078044e-05,NodeID-4eaj7e8pXaR1TSuCF5n7tKDCHPPemZGky,0.00942479121388471,United States,0.0010079749384431732,0.001943176746825566,0.00287837855520796,0.0038135803635903527,0.004748782171972745
41.0138,28.9497,0.00018196950475800103,NodeID-GMoxCucPFt2LPSpTh5hPbDPAp71fiV648,0.007910269243463625,Turkey,0.0009547994786285633,0.0017276294524991255,0.0025004594263696887,0.003273289400240251,0.0040461193741108134
41.2619,-95.8608,0.006783268581569278,NodeID-J7n7bUvog8Zdgj4bCNxRzjzrSKAirk7vi,0.009484114679710876,United States,0.007053353191383439,0.007323437801197597,0.007593522411011758,0.007863607020825917,0.008133691630640077
41.6941,44.8337,1.2355053178624259e-05,NodeID-JxxUAnbxUYQXzTQ8eNeE4jWQt9fTzWd8o,0.01156610223151928,Georgia,0.0011677297710126896,0.0023231044888467546,0.0034784792066808214,0.004633853924514886,0.005789228642348952
42.5061,27.4678,2.680747184871671e-05,NodeID-6UMb71Emubx62ZEsNBPhhuEzZdqgGpKZY,0.006983760639653842,Bulgaria,0.0007225027886292292,0.0014181981054097416,0.0021138934221902545,0.0028095887389707674,0.0035052840557512795
42.8666,-109.861,4.932893020528882e-05,NodeID-Fk1hBt9ZyaKiTPjq7MLyvL7Kgd2YMH4ie,0.010227151201439777,United States,0.0010671111573287374,0.002084893384452186,0.0031026756115756357,0.004120457838699084,0.005138240065822533
43.7064,-79.3986,0.0007898828217549486,NodeID-HvxZoKdC58RkD4ZVTYwjVZ3TsiQoTESEP,0.00894666637094765,Canada,0.0016055611766742184,0.0024212395315934884,0.003236917886512759,0.004052596241432029,0.0048682745963513
44.4323,26.1063,1.149974367078552e-05,NodeID-2jz2UxTN4JBu5qxWi4gwtqyQPLizj6Xka,0.006352774245879503,Romania,0.0006456271938916571,0.0012797546441125286,0.001913882094333401,0.0025480095445542727,0.003182136994775144
44.6365,-123.1059,1.5294353403018316e-05,NodeID-Mm8qGQPb5tHF96ENH1MuYsYwhA5Nj2DHj,0.011866360840091439,United States,0.00120040100207186,0.002385507650740702,0.0035706142994095446,0.004755720948078386,0.005940827596747228
45.2501,-74.1325,0.0009519559848304124,NodeID-PY5kT7pHUEZPmh2QK5k6w3H6pKhFGUfq1,0.009139224772730246,Canada,0.0017706828636203957,0.002589409742410379,0.003408136621200363,0.004226863499990346,0.005045590378780329
45.3071,-73.2626,1.2943365630983941e-05,NodeID-N8tijV4qwWMep4STmLzWJEkqbg6bSdCmn,0.009119627646178944,Canada,0.0009236117936857797,0.0018342802217405755,0.0027449486497953726,0.003655617077850168,0.0045662855059049635
45.3134,-73.8725,0.013795177145057552,NodeID-E8CBDCxz5E7T2yVUeKEzR3VuJytqobJa9,0.009129931128558269,Canada,0.013328652543407623,0.012862127941757695,0.012395603340107766,0.01192907873845784,0.01146255413680791
45.4643,9.1895,0.017120854009238018,NodeID-3Kw1H4pXQpmik4wfkjeMxdhrUxAkdq753,0.00554984776185118,Italy,0.015963753384499336,0.01480665275976065,0.013649552135021966,0.012492451510283283,0.011335350885544599
45.5088,-73.5878,0.02888681982504067,NodeID-zbFM8qH7MnQ8uo6rm4tZaq6vhbF4cpgt,0.00911773507217465,Canada,0.026909911349754068,0.024933002874467466,0.022956094399180862,0.02097918592389426,0.01900227744860766
45.5229,-122.9898,1.2287387765369652e-05,NodeID-GjhswJNtzhnY7WhsCnCQ6qttN1RFjzubp,0.011467185537989082,United States,0.0011577772027877406,0.0023032670178101114,0.003448756832832484,0.004594246647854855,0.005739736462877226
45.5469,13.7294,2.0469803231271074e-05,NodeID-DY2Tk5ZqUir1NpSiTwXVGdETCGGEV8wHe,0.005740353953891735,Slovenia,0.0005924582182973173,0.0011644466333633635,0.0017364350484294106,0.002308423463495457,0.002880411878561503
45.8399,-119.7006,0.022275203464807818,NodeID-LMaV6Nzx3kncqBXSvwApabEvjcrpWc7uY,0.010848149182503685,United States,0.021132498036577404,0.01998979260834699,0.018847087180116576,0.017704381751886166,0.016561676323655752
46.3044,16.3378,3.65109901048289e-05,NodeID-7EEYbCpedmA4bgHnnvhx4zXgMUpKe5Gkd,0.005833609055503534,Croatia,0.0006162207966446992,0.0011959306031845696,0.0017756404097244408,0.002355350216264311,0.0029350600228041815
47.0505,8.3064,6.273868489226301e-05,NodeID-33miCHPn9eN8H9Yi4bCzEaL9Sc5BLeKMg,0.005329761438740926,Switzerland,0.0005894409602771293,0.0011161432356619956,0.0016428455110468621,0.0021695477864317283,0.0026962500618165947
47.1688,-1.4729,2.3986318849891406e-05,NodeID-4teb2JJaaGsiLTK4qHQTpGMfy7zZdU1AC,0.0052787723202185185,France,0.000549464918986754,0.0010749435191236166,0.0016004221192604797,0.0021259007193973425,0.002651379319534205
47.1724,8.5175,0.0007610722825937938,NodeID-PqL7ZLMh4fFQNxKrKt9uWuZKa3UGsdcdQ,0.005320830548568669,Switzerland,0.001217048109191281,0.0016730239357887686,0.0021289997623862565,0.002584975588983744,0.0030409514155812314
47.3667,8.55,4.6123580700887216e-05,NodeID-FSqzWFLa9mvCV5WHBraVNUekg621YyMTE,0.0053025421807876985,Switzerland,0.0005717654407095682,0.0010974073007182492,0.0016230491607269308,0.002148691020735612,0.002674332880744293
47.4984,19.0404,3.806022915766975e-05,NodeID-BU3rNw3cZbX2Aw1CHwnupAh82jxgrtEmC,0.0059580218418404576,Hungary,0.0006300563904259483,0.001222052551694227,0.0018140487129625065,0.002406044874230785,0.0029980410354990637
47.6062,-122.3321,0.009253106910479578,NodeID-9NEeo3Ayq5qGodBbMZ1gdCQ4bmGH59BBo,0.011247337980228493,United States,0.009452530017454469,0.00965195312442936,0.009851376231404252,0.010050799338379143,0.010250222445354035
48.1193,16.2661,4.421386289082867e-05,NodeID-AQT1i38PMJQxRqjpwrQ98QESW3EJzG3p7,0.005676085166005032,Austria,0.0006074009932022489,0.001170588123513669,0.0017337752538250898,0.00229696238413651,0.00286014951444793
48.1374,11.5755,5.6367114841124306e-05,NodeID-4SvFyvJPHPYvkMnJqBaNcwr5yuU8sCsem,0.005360422407370425,Germany,0.0005867726440940543,0.0011171781733469843,0.0016475837025999147,0.0021779892318528446,0.0027083947611057746
48.5839,7.7455,0.0006935574841236656,NodeID-4bKCgF7VcG9ZtcfMwAVFfBJoh2xDgvz1j,0.00519048462061552,France,0.0011432501977728508,0.0015929429114220363,0.0020426356250712223,0.0024923283387204074,0.002942021052369593
48.6328,2.4405,1.1419609624161758e-05,NodeID-36Vywf4J2tu9gA8xJCxZjwi2JABWSF7qo,0.004969701337965113,France,0.0005072477824582568,0.0010030759552923517,0.0014989041281264475,0.0019947323009605424,0.0024905604737946374
48.8534,2.3488,0.030128715583158244,NodeID-EvZXX2K2eVEV7n6Y8cnmeSRgj4JhkCVad,0.004955184589844056,France,0.027611362483826826,0.025094009384495408,0.022576656285163987,0.02005930318583257,0.01754195008650115
49.2497,-123.1193,5.1163273555203654e-05,NodeID-4WGNJ4vv6bH3FLCJgovqn3D7RCJ8rKBDR,0.011508635186980806,Canada,0.0011969104648977638,0.0023426576562403235,0.0034884048475828846,0.004634152038925444,0.005779899230268005
49.4453,11.0222,0.00551999538519623,NodeID-Bw6s9DYKi2V9jRqNmaheGGg2Wz2Dv7DQo,0.005261268189241944,Germany,0.005494122665600801,0.005468249946005372,0.005442377226409944,0.005416504506814516,0.005390631787219087
50.1025,8.6299,0.08446732689318653,NodeID-NJaSwZPtuiN9TxaFLVF2sk3eNNHGm2UC9,0.005145814960511274,Germany,0.07653517569991901,0.06860302450665148,0.06067087331338396,0.052738722120116426,0.04480657092684891
50.4779,12.3713,0.039113186157470614,NodeID-Chy78FPagNNU7oAj1QWzrdPFjJgZP3Scu,0.005314580176977437,Germany,0.0357333255594213,0.03235346496137198,0.028973604363322657,0.025593743765273343,0.022213883167224027
50.633,3.0586,0.005239546058986901,NodeID-4ETxBbffoA8cU54eMDVwQM5Ue6FEYu4s5,0.004850805315829162,France,0.005200671984671127,0.005161797910355353,0.005122923836039579,0.005084049761723805,0.005045175687408031
50.799,-1.0913,5.478708706883693e-05,NodeID-Btr5hkRibMyYztC9jQg5T3fpKNeYf3Qdq,0.005016260006802129,United Kingdom,0.000550934379042166,0.001047081671015495,0.0015432289629888248,0.002039376254962154,0.002535523546935483
50.8505,4.3488,2.6391673441248047e-05,NodeID-2xWeMjBPrnJejBo1vFiyNZzy2FcquZnae,0.004830822275621229,Belgium,0.000506834733659246,0.000987277793877244,0.0014677208540952427,0.0019481639143132405,0.0024286069745312385
50.9333,6.95,0.0003044866274751306,NodeID-KVB8F5Gy8adXA2zCg3i3m3qJ23NoCDDiA,0.004852027013906574,Germany,0.0007592406661182748,0.001213994704761419,0.0016687487434045639,0.002123502782047708,0.002578256820690852
50.9519,1.8563,2.0690894034203704e-05,NodeID-BNErXKhvFS9jsYTmr8KkaX13FZdTST1t3,0.004876644937198907,France,0.0005062862983506739,0.000991881702667144,0.001477477106983615,0.0019630725113000853,0.0024486679156165555
51.0495,5.2261,0.00010557859972363444,NodeID-LKPvVELtRehiZPQo3aSWuch123JpA7H48,0.0048293056055898715,Belgium,0.000577951300310258,0.0010503240008968816,0.0015226967014835059,0.0019950694020701293,0.002467442102656753
51.2217,6.7762,0.01186503169642482,NodeID-NTTNYBYdkf3n5U4zrZknt1nst9rHzpuCj,0.004850256874613031,Germany,0.011163554214243641,0.010462076732062463,0.009760599249881284,0.009059121767700105,0.008357644285518925
51.3813,1.3862,1.9395095467045578e-05,NodeID-3HvUXQy1siDNUBGWMYxwMfjufh8mxLtQY,0.004891588662265695,United Kingdom,0.0005066144521469104,0.0009938338088267753,0.0014810531655066407,0.0019682725221865055,0.0024554918788663705
51.4416,0.1487,0.0032598867394474152,NodeID-A8X5CqiZhsqSEGNUNqZifHqskMvSUJBG,0.0049413588228359095,United Kingdom,0.003428033947786265,0.003596181156125114,0.0037643283644639633,0.003932475572802813,0.004100622781141663
51.4862,-0.3083,0.014420033230342893,NodeID-tHkVEqdhWPdX2vJGbqDWebw2VPrho4Aq,0.004963970534386224,United Kingdom,0.013474426960747226,0.01252882069115156,0.011583214421555892,0.010637608151960225,0.009692001882364559
51.9942,4.2097,5.5889391798824036e-05,NodeID-Ges52zCMZimxqri3ia1J32mUAKyUsvcpV,0.004848795940616754,Netherlands,0.000535180046680617,0.00101447070156241,0.0014937613564442033,0.001973052011325996,0.002452342666207789
52.2284,21.0522,6.842868060887312e-05,NodeID-6na5rkzi37wtt5piHV62y11XYfN2kTsTH,0.005989530237964662,Poland,0.0006605388363444518,0.0012526489920800306,0.0018447591478156099,0.002436869303551189,0.0030289794592867673
52.374,4.8897,0.012527332428126842,NodeID-KtKf9AuKyBvofsQE7Jn4eAzAndKHu1f4M,0.004864359743824717,Netherlands,0.011761035159696629,0.010994737891266418,0.010228440622836205,0.009462143354405992,0.008695846085975779
52.4066,-1.5122,5.616764523009263e-05,NodeID-PvZnYX1Nz8jp1GjQFixs1TAX9C9QXwrwL,0.0050476909582777485,United Kingdom,0.000555319976534858,0.0010544723078396235,0.0015536246391443897,0.0020527769704491547,0.0025519293017539206
52.5244,13.4105,4.732204048153388e-05,NodeID-xuMEd2su4X2CGiom6AmGcMSxL2H8amTf,0.005411947236025682,Germany,0.0005837845600359486,0.0011202470795903634,0.0016567095991447784,0.002193172118699193,0.002729634638253608
52.6386,-1.1317,0.00022430099214488687,NodeID-BvpPGydG4inQCbkwRZ3nPMp1zAGToUTxz,0.005034916470776245,United Kingdom,0.0007053625400080225,0.0011864240878711582,0.0016674856357342944,0.00214854718359743,0.002629608731460566
52.7033,5.2917,1.1442327176104153e-05,NodeID-4MqtiVkCYGD4TmoBhH3b6a6UTGNrPhvvW,0.004886058245965186,Netherlands,0.0004989039190550122,0.0009863655109339203,0.001473827102812829,0.0019612886946917367,0.0024487502865706452
53.3215,-6.3144,0.08322889291513057,NodeID-GR11oP3kLHf82Xbi3H2kewqoM7ydHF5ES,0.005189869653933999,Ireland,0.07542499058901092,0.06762108826289126,0.05981718593677159,0.05201328361065194,0.044209381284532286
53.5228,-1.1312,1.387477716872444e-05,NodeID-MvfTRb81PAx9AHYxbz5xACaoG84PM7YQe,0.0050845470146019854,United Kingdom,0.0005209420009120504,0.0010280092246553764,0.001535076448398703,0.0020421436721420293,0.002549210895885355
54.6892,25.2798,0.0008738452833660032,NodeID-4cJyBoufFfiMShtRhcd6WGTYdvUCE3Ai4,0.006158479732632659,Lithuania,0.0014023087282926687,0.0019307721732193341,0.0024592356181460003,0.002987699063072666,0.003516162507999331
54.9027,23.9096,0.004295871244608285,NodeID-95rcDYyjGNKckKCF8PKuTyEV1wxkQvP3n,0.006305145881817578,Lithuania,0.0044967987083292145,0.004697726172050143,0.004898653635771072,0.005099581099492002,0.005300508563212932
55.9333,23.3167,4.565561069130138e-05,NodeID-WRz6mTt6LCdSSvuHdqsrBYxi4hdfecTW,0.006302266782168042,Lithuania,0.0006713167278389753,0.0012969778449866494,0.0019226389621343238,0.002548300079281998,0.003173961196429672
59.3294,18.0687,0.012302706721137773,NodeID-ELjBQTBvaEAMk7Qx7qJNJsEh2DYC4nxUn,0.0062341759624866735,Sweden,0.011695853645272664,0.011089000569407552,0.010482147493542442,0.009875294417677333,0.009268441341812223
60.1695,24.9354,0.028782388458342786,NodeID-9YiwE69B2wcvXtEW986YcgQxGg9ctzmKZ,0.00651739251933587,Finland,0.026555888864442094,0.024329389270541405,0.02210288967664071,0.01987639008274002,0.017649890488839328
